brand,platform,period,period_type,scope,metric,value,source_file,confidence,note
Brightmind History,X,2025-09,month,period,followers_total,9000,backfill_2026-06,,
Brightmind History,X,2025-09,month,period,impressions,600100,backfill_2026-06,,
Brightmind History,X,2025-09,month,period,engagements,27800,backfill_2026-06,,
Brightmind History,X,2025-09,month,period,likes,20300,backfill_2026-06,,
Brightmind History,X,2025-09,month,period,comments,642,backfill_2026-06,,
Brightmind History,X,2025-09,month,period,shares,199,backfill_2026-06,,
Brightmind History,X,2025-09,month,period,reposts,4300,backfill_2026-06,,
Brightmind History,X,2025-09,month,period,profile_visits,881,backfill_2026-06,,
Brightmind History,X,2025-09,month,period,engagement_rate,0.046,backfill_2026-06,,
Brightmind History,X,2025-09,month,period,gender_male,0.742,backfill_2026-06,,
Brightmind History,X,2025-09,month,period,gender_female,0.246,backfill_2026-06,,
Brightmind History,X,2025-09,month,period,gender_other,0.012,backfill_2026-06,,
Brightmind History,X,2025-09,month,period,age_13_17,0.004,backfill_2026-06,,
Brightmind History,X,2025-09,month,period,age_18_24,0.092,backfill_2026-06,,
Brightmind History,X,2025-09,month,period,age_25_34,0.268,backfill_2026-06,,
Brightmind History,X,2025-09,month,period,age_35_44,0.258,backfill_2026-06,,
Brightmind History,X,2025-09,month,period,age_45_54,0.19,backfill_2026-06,,
Brightmind History,X,2025-09,month,period,age_65plus,0.067,backfill_2026-06,,
Brightmind History,X,2025-09,month,period,country_israel,0.247,backfill_2026-06,,
Brightmind History,X,2025-09,month,period,country_united_states,0.221,backfill_2026-06,,
Brightmind History,X,2025-09,month,period,country_united_kingdom,0.103,backfill_2026-06,,
Brightmind History,X,2025-09,month,period,country_canada,0.042,backfill_2026-06,,
Brightmind History,X,2025-09,month,period,country_germany,0.042,backfill_2026-06,,
Brightmind History,LinkedIn,2025-09,month,period,followers_total,2245,backfill_2026-06,,
Brightmind History,LinkedIn,2025-09,month,period,net_followers,55,backfill_2026-06,,
Brightmind History,LinkedIn,2025-09,month,period,impressions,14236,backfill_2026-06,,
Brightmind History,LinkedIn,2025-09,month,period,likes,573,backfill_2026-06,,
Brightmind History,LinkedIn,2025-09,month,period,comments,34,backfill_2026-06,,
Brightmind History,LinkedIn,2025-09,month,period,reposts,10,backfill_2026-06,,
Brightmind History,LinkedIn,2025-09,month,lifetime,country_tel_aviv_district_israel,0.135,backfill_2026-06,,
Brightmind History,LinkedIn,2025-09,month,lifetime,country_new_york_city_metro,0.053,backfill_2026-06,,
Brightmind History,LinkedIn,2025-09,month,lifetime,country_london_area_uk,0.023,backfill_2026-06,,
Brightmind History,LinkedIn,2025-09,month,lifetime,country_greater_toronto,0.017,backfill_2026-06,,
Brightmind History,LinkedIn,2025-09,month,lifetime,country_washington_dc_baltimore,0.014,backfill_2026-06,,
Brightmind History,X,2025-10,month,period,followers_total,9000,backfill_2026-06,,
Brightmind History,X,2025-10,month,period,impressions,1100000,backfill_2026-06,,
Brightmind History,X,2025-10,month,period,engagements,45200,backfill_2026-06,,
Brightmind History,X,2025-10,month,period,likes,30400,backfill_2026-06,,
Brightmind History,X,2025-10,month,period,comments,1600,backfill_2026-06,,
Brightmind History,X,2025-10,month,period,shares,370,backfill_2026-06,,
Brightmind History,X,2025-10,month,period,reposts,9600,backfill_2026-06,,
Brightmind History,X,2025-10,month,period,profile_visits,1300,backfill_2026-06,,
Brightmind History,X,2025-10,month,period,engagement_rate,0.038,backfill_2026-06,,
Brightmind History,X,2025-10,month,period,gender_male,0.702,backfill_2026-06,,
Brightmind History,X,2025-10,month,period,gender_female,0.292,backfill_2026-06,,
Brightmind History,X,2025-10,month,period,gender_other,0.006,backfill_2026-06,,
Brightmind History,X,2025-10,month,period,age_13_17,0.01,backfill_2026-06,,
Brightmind History,X,2025-10,month,period,age_18_24,0.081,backfill_2026-06,,
Brightmind History,X,2025-10,month,period,age_25_34,0.221,backfill_2026-06,,
Brightmind History,X,2025-10,month,period,age_35_44,0.209,backfill_2026-06,,
Brightmind History,X,2025-10,month,period,age_45_54,0.165,backfill_2026-06,,
Brightmind History,X,2025-10,month,period,age_65plus,0.128,backfill_2026-06,,
Brightmind History,X,2025-10,month,period,country_united_states,0.28,backfill_2026-06,,
Brightmind History,X,2025-10,month,period,country_israel,0.205,backfill_2026-06,,
Brightmind History,X,2025-10,month,period,country_united_kingdom,0.105,backfill_2026-06,,
Brightmind History,X,2025-10,month,period,country_france,0.049,backfill_2026-06,,
Brightmind History,X,2025-10,month,period,country_netherlands,0.042,backfill_2026-06,,
Brightmind History,LinkedIn,2025-10,month,period,impressions,30175,backfill_2026-06,,
Brightmind History,LinkedIn,2025-10,month,period,likes,551,backfill_2026-06,,
Brightmind History,LinkedIn,2025-10,month,period,comments,21,backfill_2026-06,,
Brightmind History,LinkedIn,2025-10,month,period,reposts,4,backfill_2026-06,,
Brightmind History,LinkedIn,2025-10,month,lifetime,country_tel_aviv_district_israel,0.135,backfill_2026-06,,
Brightmind History,LinkedIn,2025-10,month,lifetime,country_new_york_city_metro,0.053,backfill_2026-06,,
Brightmind History,LinkedIn,2025-10,month,lifetime,country_london_area_uk,0.023,backfill_2026-06,,
Brightmind History,LinkedIn,2025-10,month,lifetime,country_greater_toronto,0.017,backfill_2026-06,,
Brightmind History,LinkedIn,2025-10,month,lifetime,country_washington_dc_baltimore,0.014,backfill_2026-06,,
Brightmind History,X,2026-01,month,period,followers_total,9000,backfill_2026-06,,
Brightmind History,X,2026-01,month,period,impressions,268900,backfill_2026-06,,
Brightmind History,X,2026-01,month,period,engagements,7300,backfill_2026-06,,
Brightmind History,X,2026-01,month,period,likes,4800,backfill_2026-06,,
Brightmind History,X,2026-01,month,period,comments,392,backfill_2026-06,,
Brightmind History,X,2026-01,month,period,shares,66,backfill_2026-06,,
Brightmind History,X,2026-01,month,period,reposts,418,backfill_2026-06,,
Brightmind History,X,2026-01,month,period,profile_visits,221,backfill_2026-06,,
Brightmind History,X,2026-01,month,period,engagement_rate,0.027,backfill_2026-06,,
Brightmind History,X,2026-01,month,period,gender_male,0.751,backfill_2026-06,,
Brightmind History,X,2026-01,month,period,gender_female,0.239,backfill_2026-06,,
Brightmind History,X,2026-01,month,period,gender_other,0.01,backfill_2026-06,,
Brightmind History,X,2026-01,month,period,age_13_17,0.009,backfill_2026-06,,
Brightmind History,X,2026-01,month,period,age_18_24,0.063,backfill_2026-06,,
Brightmind History,X,2026-01,month,period,age_25_34,0.172,backfill_2026-06,,
Brightmind History,X,2026-01,month,period,age_35_44,0.184,backfill_2026-06,,
Brightmind History,X,2026-01,month,period,age_45_54,0.179,backfill_2026-06,,
Brightmind History,X,2026-01,month,period,age_65plus,0.169,backfill_2026-06,,
Brightmind History,X,2026-01,month,period,country_japan,0.323,backfill_2026-06,,
Brightmind History,X,2026-01,month,period,country_united_states,0.132,backfill_2026-06,,
Brightmind History,X,2026-01,month,period,country_israel,0.127,backfill_2026-06,,
Brightmind History,X,2026-01,month,period,country_united_kingdom,0.068,backfill_2026-06,,
Brightmind History,X,2026-01,month,period,country_france,0.043,backfill_2026-06,,
Brightmind History,LinkedIn,2026-01,month,period,impressions,17401,backfill_2026-06,,
Brightmind History,LinkedIn,2026-01,month,period,likes,416,backfill_2026-06,,
Brightmind History,LinkedIn,2026-01,month,period,comments,26,backfill_2026-06,,
Brightmind History,LinkedIn,2026-01,month,period,reposts,3,backfill_2026-06,,
Brightmind History,LinkedIn,2026-01,month,lifetime,country_tel_aviv_district_israel,0.135,backfill_2026-06,,
Brightmind History,LinkedIn,2026-01,month,lifetime,country_new_york_city_metro,0.053,backfill_2026-06,,
Brightmind History,LinkedIn,2026-01,month,lifetime,country_london_area_uk,0.023,backfill_2026-06,,
Brightmind History,LinkedIn,2026-01,month,lifetime,country_greater_toronto,0.017,backfill_2026-06,,
Brightmind History,LinkedIn,2026-01,month,lifetime,country_washington_dc_baltimore,0.014,backfill_2026-06,,
Brightmind History,X,2026-02,month,period,followers_total,9000,backfill_2026-06,,
Brightmind History,X,2026-02,month,period,impressions,20100,backfill_2026-06,,
Brightmind History,X,2026-02,month,period,engagements,325,backfill_2026-06,,
Brightmind History,X,2026-02,month,period,likes,160,backfill_2026-06,,
Brightmind History,X,2026-02,month,period,comments,14,backfill_2026-06,,
Brightmind History,X,2026-02,month,period,shares,27,backfill_2026-06,,
Brightmind History,X,2026-02,month,period,reposts,60,backfill_2026-06,,
Brightmind History,X,2026-02,month,period,profile_visits,34,backfill_2026-06,,
Brightmind History,X,2026-02,month,period,engagement_rate,0.016,backfill_2026-06,,
Brightmind History,X,2026-02,month,period,gender_male,0.742,backfill_2026-06,,
Brightmind History,X,2026-02,month,period,gender_female,0.234,backfill_2026-06,,
Brightmind History,X,2026-02,month,period,gender_other,0.024,backfill_2026-06,,
Brightmind History,X,2026-02,month,period,age_13_17,0.013,backfill_2026-06,,
Brightmind History,X,2026-02,month,period,age_18_24,0.149,backfill_2026-06,,
Brightmind History,X,2026-02,month,period,age_25_34,0.282,backfill_2026-06,,
Brightmind History,X,2026-02,month,period,age_35_44,0.268,backfill_2026-06,,
Brightmind History,X,2026-02,month,period,age_45_54,0.107,backfill_2026-06,,
Brightmind History,X,2026-02,month,period,age_55_64,0.09,backfill_2026-06,,
Brightmind History,X,2026-02,month,period,age_65plus,0.09,backfill_2026-06,,
Brightmind History,X,2026-02,month,period,country_united_states,0.266,backfill_2026-06,,
Brightmind History,X,2026-02,month,period,country_israel,0.179,backfill_2026-06,,
Brightmind History,X,2026-02,month,period,country_united_kingdom,0.067,backfill_2026-06,,
Brightmind History,X,2026-02,month,period,country_canada,0.039,backfill_2026-06,,
Brightmind History,X,2026-02,month,period,country_france,0.031,backfill_2026-06,,
Brightmind History,LinkedIn,2026-02,month,period,impressions,2699,backfill_2026-06,,
Brightmind History,LinkedIn,2026-02,month,period,likes,44,backfill_2026-06,,
Brightmind History,LinkedIn,2026-02,month,period,comments,4,backfill_2026-06,,
Brightmind History,LinkedIn,2026-02,month,period,reposts,1,backfill_2026-06,,
Brightmind History,LinkedIn,2026-02,month,lifetime,country_tel_aviv_district_israel,0.135,backfill_2026-06,,
Brightmind History,LinkedIn,2026-02,month,lifetime,country_new_york_city_metro,0.053,backfill_2026-06,,
Brightmind History,LinkedIn,2026-02,month,lifetime,country_london_area_uk,0.023,backfill_2026-06,,
Brightmind History,LinkedIn,2026-02,month,lifetime,country_greater_toronto,0.017,backfill_2026-06,,
Brightmind History,LinkedIn,2026-02,month,lifetime,country_washington_dc_baltimore,0.014,backfill_2026-06,,
Brightmind History,X,2026-03,month,period,followers_total,9000,backfill_2026-06,,
Brightmind History,X,2026-03,month,period,impressions,239600,backfill_2026-06,,
Brightmind History,X,2026-03,month,period,engagements,21700,backfill_2026-06,,
Brightmind History,X,2026-03,month,period,likes,16400,backfill_2026-06,,
Brightmind History,X,2026-03,month,period,comments,522,backfill_2026-06,,
Brightmind History,X,2026-03,month,period,shares,102,backfill_2026-06,,
Brightmind History,X,2026-03,month,period,reposts,3900,backfill_2026-06,,
Brightmind History,X,2026-03,month,period,profile_visits,259,backfill_2026-06,,
Brightmind History,X,2026-03,month,period,engagement_rate,0.09,backfill_2026-06,,
Brightmind History,X,2026-03,month,period,gender_male,0.703,backfill_2026-06,,
Brightmind History,X,2026-03,month,period,gender_female,0.293,backfill_2026-06,,
Brightmind History,X,2026-03,month,period,gender_other,0.004,backfill_2026-06,,
Brightmind History,X,2026-03,month,period,age_13_17,0.009,backfill_2026-06,,
Brightmind History,X,2026-03,month,period,age_18_24,0.095,backfill_2026-06,,
Brightmind History,X,2026-03,month,period,age_25_34,0.259,backfill_2026-06,,
Brightmind History,X,2026-03,month,period,age_35_44,0.235,backfill_2026-06,,
Brightmind History,X,2026-03,month,period,age_45_54,0.156,backfill_2026-06,,
Brightmind History,X,2026-03,month,period,age_65plus,0.107,backfill_2026-06,,
Brightmind History,X,2026-03,month,period,country_israel,0.228,backfill_2026-06,,
Brightmind History,X,2026-03,month,period,country_united_states,0.206,backfill_2026-06,,
Brightmind History,X,2026-03,month,period,country_united_kingdom,0.083,backfill_2026-06,,
Brightmind History,X,2026-03,month,period,country_canada,0.06,backfill_2026-06,,
Brightmind History,X,2026-03,month,period,country_germany,0.057,backfill_2026-06,,
Brightmind History,LinkedIn,2026-03,month,period,followers_total,2245,backfill_2026-06,,
Brightmind History,LinkedIn,2026-03,month,period,impressions,31689,backfill_2026-06,,
Brightmind History,LinkedIn,2026-03,month,period,likes,1035,backfill_2026-06,,
Brightmind History,LinkedIn,2026-03,month,period,comments,113,backfill_2026-06,,
Brightmind History,LinkedIn,2026-03,month,period,reposts,26,backfill_2026-06,,
Brightmind History,LinkedIn,2026-03,month,lifetime,country_tel_aviv_district_israel,0.135,backfill_2026-06,,
Brightmind History,LinkedIn,2026-03,month,lifetime,country_new_york_city_metro,0.053,backfill_2026-06,,
Brightmind History,LinkedIn,2026-03,month,lifetime,country_london_area_uk,0.023,backfill_2026-06,,
Brightmind History,LinkedIn,2026-03,month,lifetime,country_greater_toronto,0.017,backfill_2026-06,,
Brightmind History,LinkedIn,2026-03,month,lifetime,country_washington_dc_baltimore,0.014,backfill_2026-06,,
Brightmind History,Instagram,2026-03,month,period,views,382000,backfill_2026-06,,
Brightmind History,Instagram,2026-03,month,period,likes,21102,backfill_2026-06,,
Brightmind History,Instagram,2026-03,month,period,comments,569,backfill_2026-06,,
Brightmind History,Instagram,2026-03,month,period,shares,8781,backfill_2026-06,,
Brightmind History,Instagram,2026-03,month,period,reposts,2413,backfill_2026-06,,
Brightmind History,Instagram,2026-03,month,period,profile_visits,2218,backfill_2026-06,,
Brightmind History,Instagram,2026-03,month,period,accounts_reached,233319,backfill_2026-06,,
Brightmind History,Instagram,2026-03,month,period,country_united_states,0.337,backfill_2026-06,,
Brightmind History,Instagram,2026-03,month,period,country_united_kingdom,0.111,backfill_2026-06,,
Brightmind History,Instagram,2026-03,month,period,country_australia,0.079,backfill_2026-06,,
Brightmind History,Instagram,2026-03,month,period,country_israel,0.078,backfill_2026-06,,
Brightmind History,Instagram,2026-03,month,period,country_canada,0.065,backfill_2026-06,,
Brightmind History,X,2026-04,month,period,followers_total,9000,backfill_2026-06,,
Brightmind History,X,2026-04,month,period,impressions,29600,backfill_2026-06,,
Brightmind History,X,2026-04,month,period,engagements,1200,backfill_2026-06,,
Brightmind History,X,2026-04,month,period,engagement_rate,0.041,backfill_2026-06,,
Brightmind History,X,2026-04,month,period,gender_male,0.712,backfill_2026-06,,
Brightmind History,X,2026-04,month,period,gender_female,0.274,backfill_2026-06,,
Brightmind History,X,2026-04,month,period,gender_other,0.014,backfill_2026-06,,
Brightmind History,X,2026-04,month,period,age_13_17,0.014,backfill_2026-06,,
Brightmind History,X,2026-04,month,period,age_18_24,0.117,backfill_2026-06,,
Brightmind History,X,2026-04,month,period,age_25_34,0.229,backfill_2026-06,,
Brightmind History,X,2026-04,month,period,age_35_44,0.207,backfill_2026-06,,
Brightmind History,X,2026-04,month,period,age_45_54,0.165,backfill_2026-06,,
Brightmind History,X,2026-04,month,period,age_65plus,0.104,backfill_2026-06,,
Brightmind History,X,2026-04,month,period,country_israel,0.254,backfill_2026-06,,
Brightmind History,X,2026-04,month,period,country_united_states,0.229,backfill_2026-06,,
Brightmind History,X,2026-04,month,period,country_united_kingdom,0.068,backfill_2026-06,,
Brightmind History,X,2026-04,month,period,country_netherlands,0.034,backfill_2026-06,,
Brightmind History,X,2026-04,month,period,country_japan,0.033,backfill_2026-06,,
Brightmind History,LinkedIn,2026-04,month,period,followers_total,2245,backfill_2026-06,,
Brightmind History,LinkedIn,2026-04,month,period,net_followers,25,backfill_2026-06,,
Brightmind History,LinkedIn,2026-04,month,lifetime,country_tel_aviv_district_israel,0.135,backfill_2026-06,,
Brightmind History,LinkedIn,2026-04,month,lifetime,country_new_york_city_metro,0.053,backfill_2026-06,,
Brightmind History,LinkedIn,2026-04,month,lifetime,country_london_area_uk,0.023,backfill_2026-06,,
Brightmind History,LinkedIn,2026-04,month,lifetime,country_greater_toronto,0.017,backfill_2026-06,,
Brightmind History,LinkedIn,2026-04,month,lifetime,country_washington_dc_baltimore,0.014,backfill_2026-06,,
Brightmind History,Instagram,2026-04,month,period,likes,15687,backfill_2026-06,,
Brightmind History,Instagram,2026-04,month,period,comments,337,backfill_2026-06,,
Brightmind History,Instagram,2026-04,month,period,shares,3658,backfill_2026-06,,
Brightmind History,Instagram,2026-04,month,period,reposts,870,backfill_2026-06,,
Brightmind History,Instagram,2026-04,month,period,country_sydney,0.027,backfill_2026-06,,
Brightmind History,Instagram,2026-04,month,period,country_london,0.026,backfill_2026-06,,
Brightmind History,Instagram,2026-04,month,period,country_new_york,0.025,backfill_2026-06,,
Brightmind History,Instagram,2026-04,month,period,country_melbourne,0.022,backfill_2026-06,,
Brightmind History,Instagram,2026-04,month,period,country_toronto,0.016,backfill_2026-06,,
Brightmind History,X,2026-05,month,period,followers_total,9000,backfill_2026-06,,
Brightmind History,X,2026-05,month,period,impressions,28800,backfill_2026-06,,
Brightmind History,X,2026-05,month,period,likes,378,backfill_2026-06,,
Brightmind History,X,2026-05,month,period,comments,180,backfill_2026-06,,
Brightmind History,X,2026-05,month,period,shares,27,backfill_2026-06,,
Brightmind History,X,2026-05,month,period,reposts,13,backfill_2026-06,,
Brightmind History,X,2026-05,month,period,profile_visits,36,backfill_2026-06,,
Brightmind History,X,2026-05,month,period,engagement_rate,0.023,backfill_2026-06,,
Brightmind History,X,2026-05,month,period,gender_male,0.716,backfill_2026-06,,
Brightmind History,X,2026-05,month,period,gender_female,0.254,backfill_2026-06,,
Brightmind History,X,2026-05,month,period,gender_other,0.03,backfill_2026-06,,
Brightmind History,X,2026-05,month,period,age_13_17,0.013,backfill_2026-06,,
Brightmind History,X,2026-05,month,period,age_18_24,0.116,backfill_2026-06,,
Brightmind History,X,2026-05,month,period,age_25_34,0.255,backfill_2026-06,,
Brightmind History,X,2026-05,month,period,age_35_44,0.24,backfill_2026-06,,
Brightmind History,X,2026-05,month,period,age_45_54,0.127,backfill_2026-06,,
Brightmind History,X,2026-05,month,period,age_65plus,0.102,backfill_2026-06,,
Brightmind History,X,2026-05,month,period,country_united_states,0.251,backfill_2026-06,,
Brightmind History,X,2026-05,month,period,country_israel,0.159,backfill_2026-06,,
Brightmind History,X,2026-05,month,period,country_united_kingdom,0.091,backfill_2026-06,,
Brightmind History,X,2026-05,month,period,country_saudi_arabia,0.05,backfill_2026-06,,
Brightmind History,X,2026-05,month,period,country_canada,0.036,backfill_2026-06,,
Brightmind History,LinkedIn,2026-05,month,period,followers_total,2245,backfill_2026-06,,
Brightmind History,LinkedIn,2026-05,month,period,net_followers,45,backfill_2026-06,,
Brightmind History,LinkedIn,2026-05,month,period,impressions,38193,backfill_2026-06,,
Brightmind History,LinkedIn,2026-05,month,period,likes,512,backfill_2026-06,,
Brightmind History,LinkedIn,2026-05,month,period,comments,66,backfill_2026-06,,
Brightmind History,LinkedIn,2026-05,month,period,reposts,5,backfill_2026-06,,
Brightmind History,LinkedIn,2026-05,month,lifetime,country_tel_aviv_district_israel,0.135,backfill_2026-06,,
Brightmind History,LinkedIn,2026-05,month,lifetime,country_new_york_city_metro,0.053,backfill_2026-06,,
Brightmind History,LinkedIn,2026-05,month,lifetime,country_london_area_uk,0.023,backfill_2026-06,,
Brightmind History,LinkedIn,2026-05,month,lifetime,country_greater_toronto,0.017,backfill_2026-06,,
Brightmind History,LinkedIn,2026-05,month,lifetime,country_washington_dc_baltimore,0.014,backfill_2026-06,,
Brightmind History,Instagram,2026-05,month,period,followers_total,3147,backfill_2026-06,,
Brightmind History,Instagram,2026-05,month,period,net_followers,-2,backfill_2026-06,,
Brightmind History,Instagram,2026-05,month,period,follows,31,backfill_2026-06,,
Brightmind History,Instagram,2026-05,month,period,unfollows,33,backfill_2026-06,,
Brightmind History,Instagram,2026-05,month,period,likes,6443,backfill_2026-06,,
Brightmind History,Instagram,2026-05,month,period,comments,119,backfill_2026-06,,
Brightmind History,Instagram,2026-05,month,period,shares,452,backfill_2026-06,,
Brightmind History,Instagram,2026-05,month,period,reposts,137,backfill_2026-06,,
Brightmind History,Instagram,2026-05,month,period,profile_visits,314,backfill_2026-06,,
Brightmind History,Instagram,2026-05,month,period,accounts_reached,41678,backfill_2026-06,,
Brightmind History,Instagram,2026-05,month,period,gender_male,0.405,backfill_2026-06,,
Brightmind History,Instagram,2026-05,month,period,gender_female,0.595,backfill_2026-06,,
Brightmind History,Instagram,2026-05,month,period,age_13_17,0.126,backfill_2026-06,,
Brightmind History,Instagram,2026-05,month,period,age_18_24,0.389,backfill_2026-06,,
Brightmind History,Instagram,2026-05,month,period,age_25_34,0.301,backfill_2026-06,,
Brightmind History,Instagram,2026-05,month,period,age_35_44,0.092,backfill_2026-06,,
Brightmind History,Instagram,2026-05,month,period,country_united_states,0.244,backfill_2026-06,,
Brightmind History,Instagram,2026-05,month,period,country_india,0.141,backfill_2026-06,,
Brightmind History,Instagram,2026-05,month,period,country_united_kingdom,0.077,backfill_2026-06,,
Brightmind History,Instagram,2026-05,month,period,country_canada,0.051,backfill_2026-06,,
Brightmind History,Threads,2026-05,month,period,followers_total,125,backfill_2026-06,,
Brightmind History,Threads,2026-05,month,period,engagements,280,backfill_2026-06,,
Brightmind History,Threads,2026-05,month,period,likes,165,backfill_2026-06,,
Brightmind History,Threads,2026-05,month,period,comments,70,backfill_2026-06,,
Brightmind History,Threads,2026-05,month,period,reposts,40,backfill_2026-06,,
Brightmind History,Threads,2026-05,month,period,gender_male,0.467,backfill_2026-06,,
Brightmind History,Threads,2026-05,month,period,gender_female,0.4,backfill_2026-06,,
Brightmind History,Threads,2026-05,month,period,gender_other,0.133,backfill_2026-06,,
Brightmind History,Threads,2026-05,month,period,age_25_34,0.25,backfill_2026-06,,
Brightmind History,Threads,2026-05,month,period,age_35_44,0.321,backfill_2026-06,,
Brightmind History,Threads,2026-05,month,period,age_45_54,0.143,backfill_2026-06,,
Brightmind History,Threads,2026-05,month,period,age_55_64,0.143,backfill_2026-06,,
Brightmind History,Threads,2026-05,month,period,age_65plus,0.143,backfill_2026-06,,
Brightmind History,Threads,2026-05,month,period,country_israel,0.448,backfill_2026-06,,
Brightmind History,Threads,2026-05,month,period,country_united_states,0.24,backfill_2026-06,,
Brightmind History,Threads,2026-05,month,period,country_canada,0.048,backfill_2026-06,,
Brightmind History,Threads,2026-05,month,period,country_united_kingdom,0.04,backfill_2026-06,,
Brightmind History,Threads,2026-05,month,period,country_india,0.032,backfill_2026-06,,
Josh,X,2026-01,month,period,followers_total,13500,backfill_2026-06,,
Josh,X,2026-01,month,period,impressions,512800,backfill_2026-06,,
Josh,X,2026-01,month,period,engagements,27100,backfill_2026-06,,
Josh,X,2026-01,month,period,likes,18500,backfill_2026-06,,
Josh,X,2026-01,month,period,comments,850,backfill_2026-06,,
Josh,X,2026-01,month,period,shares,300,backfill_2026-06,,
Josh,X,2026-01,month,period,reposts,3100,backfill_2026-06,,
Josh,X,2026-01,month,period,profile_visits,1700,backfill_2026-06,,
Josh,X,2026-01,month,period,engagement_rate,0.052,backfill_2026-06,,
Josh,X,2026-02,month,period,followers_total,13500,backfill_2026-06,,
Josh,X,2026-02,month,period,impressions,258500,backfill_2026-06,,
Josh,X,2026-02,month,period,engagements,19200,backfill_2026-06,,
Josh,X,2026-02,month,period,likes,13100,backfill_2026-06,,
Josh,X,2026-02,month,period,comments,506,backfill_2026-06,,
Josh,X,2026-02,month,period,shares,197,backfill_2026-06,,
Josh,X,2026-02,month,period,reposts,2100,backfill_2026-06,,
Josh,X,2026-02,month,period,profile_visits,1500,backfill_2026-06,,
Josh,X,2026-02,month,period,engagement_rate,0.074,backfill_2026-06,,
Josh,X,2026-03,month,period,followers_total,13500,backfill_2026-06,,
Josh,X,2026-03,month,period,impressions,1500000,backfill_2026-06,,
Josh,X,2026-03,month,period,engagements,46500,backfill_2026-06,,
Josh,X,2026-03,month,period,likes,30800,backfill_2026-06,,
Josh,X,2026-03,month,period,comments,1400,backfill_2026-06,,
Josh,X,2026-03,month,period,shares,495,backfill_2026-06,,
Josh,X,2026-03,month,period,reposts,4200,backfill_2026-06,,
Josh,X,2026-03,month,period,profile_visits,6200,backfill_2026-06,,
Josh,X,2026-03,month,period,engagement_rate,0.029,backfill_2026-06,,
Josh,X,2026-04,month,period,followers_total,13500,backfill_2026-06,,
Josh,X,2026-04,month,period,impressions,741100,backfill_2026-06,,
Josh,X,2026-04,month,period,engagements,42800,backfill_2026-06,,
Josh,X,2026-04,month,period,likes,28500,backfill_2026-06,,
Josh,X,2026-04,month,period,comments,1300,backfill_2026-06,,
Josh,X,2026-04,month,period,shares,568,backfill_2026-06,,
Josh,X,2026-04,month,period,reposts,5300,backfill_2026-06,,
Josh,X,2026-04,month,period,profile_visits,3300,backfill_2026-06,,
Josh,X,2026-04,month,period,engagement_rate,0.057,backfill_2026-06,,
Josh,X,2026-05,month,period,followers_total,13500,backfill_2026-06,,
Josh,X,2026-05,month,period,impressions,3400000,backfill_2026-06,,
Josh,X,2026-05,month,period,engagements,148900,backfill_2026-06,,
Josh,X,2026-05,month,period,likes,100800,backfill_2026-06,,
Josh,X,2026-05,month,period,comments,3200,backfill_2026-06,,
Josh,X,2026-05,month,period,shares,2500,backfill_2026-06,,
Josh,X,2026-05,month,period,reposts,14200,backfill_2026-06,,
Josh,X,2026-05,month,period,profile_visits,8500,backfill_2026-06,,
Josh,X,2026-05,month,period,engagement_rate,0.043,backfill_2026-06,,
Josh,Instagram,2026-01,month,period,followers_total,69000,backfill_2026-06,,
Josh,Instagram,2026-01,month,period,net_followers,2528,backfill_2026-06,,
Josh,Instagram,2026-01,month,period,views,1900000,backfill_2026-06,,
Josh,Instagram,2026-02,month,period,followers_total,71000,backfill_2026-06,,
Josh,Instagram,2026-02,month,period,net_followers,1921,backfill_2026-06,,
Josh,Instagram,2026-02,month,period,views,1371316,backfill_2026-06,,
Josh,Instagram,2026-02,month,period,profile_visits,10451,backfill_2026-06,,
Josh,Instagram,2026-02,month,period,accounts_reached,578041,backfill_2026-06,,
Josh,Instagram,2026-02,month,period,gender_male,0.582,backfill_2026-06,,
Josh,Instagram,2026-02,month,period,gender_female,0.418,backfill_2026-06,,
Josh,Instagram,2026-02,month,period,age_18_24,0.181,backfill_2026-06,,
Josh,Instagram,2026-02,month,period,age_25_34,0.335,backfill_2026-06,,
Josh,Instagram,2026-02,month,period,age_35_44,0.218,backfill_2026-06,,
Josh,Instagram,2026-02,month,period,age_45_54,0.124,backfill_2026-06,,
Josh,Instagram,2026-02,month,period,country_israel,0.265,backfill_2026-06,,
Josh,Instagram,2026-02,month,period,country_united_states,0.182,backfill_2026-06,,
Josh,Instagram,2026-02,month,period,country_iran,0.128,backfill_2026-06,,
Josh,Instagram,2026-02,month,period,country_united_kingdom,0.049,backfill_2026-06,,
Josh,Instagram,2026-03,month,period,followers_total,74000,backfill_2026-06,,
Josh,Instagram,2026-03,month,period,net_followers,2789,backfill_2026-06,,
Josh,Instagram,2026-03,month,period,views,1398210,backfill_2026-06,,
Josh,Instagram,2026-03,month,period,profile_visits,2452,backfill_2026-06,,
Josh,Instagram,2026-03,month,period,accounts_reached,507623,backfill_2026-06,,
Josh,Instagram,2026-03,month,period,country_new_york,0.042,backfill_2026-06,,
Josh,Instagram,2026-03,month,period,country_tel_aviv,0.025,backfill_2026-06,,
Josh,Instagram,2026-03,month,period,country_london,0.022,backfill_2026-06,,
Josh,Instagram,2026-03,month,period,country_los_angeles,0.021,backfill_2026-06,,
Josh,Instagram,2026-04,month,period,followers_total,76000,backfill_2026-06,,
Josh,Instagram,2026-04,month,period,net_followers,2729,backfill_2026-06,,
Josh,Instagram,2026-04,month,period,follows,3684,backfill_2026-06,,
Josh,Instagram,2026-04,month,period,unfollows,955,backfill_2026-06,,
Josh,Instagram,2026-04,month,period,views,1735459,backfill_2026-06,,
Josh,Instagram,2026-04,month,period,accounts_reached,540058,backfill_2026-06,,
Josh,Instagram,2026-04,month,period,country_new_york,0.049,backfill_2026-06,,
Josh,Instagram,2026-04,month,period,country_tel_aviv,0.027,backfill_2026-06,,
Josh,Instagram,2026-04,month,period,country_los_angeles,0.024,backfill_2026-06,,
Josh,Instagram,2026-04,month,period,country_london,0.02,backfill_2026-06,,
Josh,Instagram,2026-04,month,period,country_toronto,0.017,backfill_2026-06,,
Josh,Instagram,2026-05,month,period,net_followers,2201,backfill_2026-06,,
Josh,Instagram,2026-05,month,period,follows,3169,backfill_2026-06,,
Josh,Instagram,2026-05,month,period,unfollows,968,backfill_2026-06,,
Josh,Instagram,2026-05,month,period,views,1266665,backfill_2026-06,,
Josh,Instagram,2026-05,month,period,accounts_reached,350794,backfill_2026-06,,
Josh,Instagram,2026-05,month,period,country_new_york,0.049,backfill_2026-06,,
Josh,Instagram,2026-05,month,period,country_tel_aviv,0.027,backfill_2026-06,,
Josh,Instagram,2026-05,month,period,country_los_angeles,0.024,backfill_2026-06,,
Josh,Instagram,2026-05,month,period,country_london,0.02,backfill_2026-06,,
Josh,Instagram,2026-05,month,period,country_toronto,0.017,backfill_2026-06,,
Josh,TikTok,2026-01,month,period,followers_total,32610,backfill_2026-06,,
Josh,TikTok,2026-01,month,period,net_followers,1074,backfill_2026-06,,
Josh,TikTok,2026-01,month,period,views,200000,backfill_2026-06,,
Josh,TikTok,2026-01,month,period,likes,18000,backfill_2026-06,,
Josh,TikTok,2026-01,month,period,comments,-1121,backfill_2026-06,,
Josh,TikTok,2026-01,month,period,shares,2672,backfill_2026-06,,
Josh,TikTok,2026-01,month,period,profile_visits,4452,backfill_2026-06,,
Josh,TikTok,2026-01,month,lifetime,gender_male,0.59,backfill_2026-06,,
Josh,TikTok,2026-01,month,lifetime,gender_female,0.41,backfill_2026-06,,
Josh,TikTok,2026-01,month,lifetime,age_18_24,0.095,backfill_2026-06,,
Josh,TikTok,2026-01,month,lifetime,age_25_34,0.243,backfill_2026-06,,
Josh,TikTok,2026-01,month,lifetime,age_35_44,0.269,backfill_2026-06,,
Josh,TikTok,2026-01,month,lifetime,age_45_54,0.205,backfill_2026-06,,
Josh,TikTok,2026-01,month,lifetime,age_55_64,0.188,backfill_2026-06,,
Josh,TikTok,2026-01,month,lifetime,country_united_states,0.291,backfill_2026-06,,
Josh,TikTok,2026-01,month,lifetime,country_israel,0.207,backfill_2026-06,,
Josh,TikTok,2026-01,month,lifetime,country_canada,0.036,backfill_2026-06,,
Josh,TikTok,2026-01,month,lifetime,country_united_kingdom,0.034,backfill_2026-06,,
Josh,TikTok,2026-01,month,lifetime,country_australia,0.019,backfill_2026-06,,
Josh,TikTok,2026-02,month,period,followers_total,32610,backfill_2026-06,,
Josh,TikTok,2026-02,month,period,net_followers,816,backfill_2026-06,,
Josh,TikTok,2026-02,month,period,views,352000,backfill_2026-06,,
Josh,TikTok,2026-02,month,period,likes,39000,backfill_2026-06,,
Josh,TikTok,2026-02,month,period,comments,-132,backfill_2026-06,,
Josh,TikTok,2026-02,month,period,shares,1198,backfill_2026-06,,
Josh,TikTok,2026-02,month,period,profile_visits,6424,backfill_2026-06,,
Josh,TikTok,2026-02,month,lifetime,age_18_24,0.095,backfill_2026-06,,
Josh,TikTok,2026-02,month,lifetime,age_25_34,0.243,backfill_2026-06,,
Josh,TikTok,2026-02,month,lifetime,age_35_44,0.269,backfill_2026-06,,
Josh,TikTok,2026-02,month,lifetime,age_45_54,0.205,backfill_2026-06,,
Josh,TikTok,2026-02,month,lifetime,age_55_64,0.188,backfill_2026-06,,
Josh,TikTok,2026-02,month,lifetime,country_united_states,0.291,backfill_2026-06,,
Josh,TikTok,2026-02,month,lifetime,country_israel,0.207,backfill_2026-06,,
Josh,TikTok,2026-02,month,lifetime,country_canada,0.036,backfill_2026-06,,
Josh,TikTok,2026-02,month,lifetime,country_united_kingdom,0.034,backfill_2026-06,,
Josh,TikTok,2026-02,month,lifetime,country_australia,0.019,backfill_2026-06,,
Josh,TikTok,2026-03,month,period,followers_total,32610,backfill_2026-06,,
Josh,TikTok,2026-03,month,period,net_followers,564,backfill_2026-06,,
Josh,TikTok,2026-03,month,period,views,326000,backfill_2026-06,,
Josh,TikTok,2026-03,month,period,likes,28000,backfill_2026-06,,
Josh,TikTok,2026-03,month,period,comments,-32,backfill_2026-06,,
Josh,TikTok,2026-03,month,period,shares,683,backfill_2026-06,,
Josh,TikTok,2026-03,month,period,profile_visits,5273,backfill_2026-06,,
Josh,TikTok,2026-03,month,lifetime,age_18_24,0.095,backfill_2026-06,,
Josh,TikTok,2026-03,month,lifetime,age_25_34,0.243,backfill_2026-06,,
Josh,TikTok,2026-03,month,lifetime,age_35_44,0.269,backfill_2026-06,,
Josh,TikTok,2026-03,month,lifetime,age_45_54,0.205,backfill_2026-06,,
Josh,TikTok,2026-03,month,lifetime,age_55_64,0.188,backfill_2026-06,,
Josh,TikTok,2026-03,month,lifetime,country_united_states,0.291,backfill_2026-06,,
Josh,TikTok,2026-03,month,lifetime,country_israel,0.207,backfill_2026-06,,
Josh,TikTok,2026-03,month,lifetime,country_canada,0.036,backfill_2026-06,,
Josh,TikTok,2026-03,month,lifetime,country_united_kingdom,0.034,backfill_2026-06,,
Josh,TikTok,2026-03,month,lifetime,country_australia,0.019,backfill_2026-06,,
Josh,TikTok,2026-04,month,period,followers_total,32610,backfill_2026-06,,
Josh,TikTok,2026-04,month,period,net_followers,1101,backfill_2026-06,,
Josh,TikTok,2026-04,month,period,views,336000,backfill_2026-06,,
Josh,TikTok,2026-04,month,period,likes,30000,backfill_2026-06,,
Josh,TikTok,2026-04,month,period,comments,188,backfill_2026-06,,
Josh,TikTok,2026-04,month,period,shares,675,backfill_2026-06,,
Josh,TikTok,2026-04,month,period,profile_visits,4882,backfill_2026-06,,
Josh,TikTok,2026-04,month,lifetime,age_18_24,0.095,backfill_2026-06,,
Josh,TikTok,2026-04,month,lifetime,age_25_34,0.243,backfill_2026-06,,
Josh,TikTok,2026-04,month,lifetime,age_35_44,0.269,backfill_2026-06,,
Josh,TikTok,2026-04,month,lifetime,age_45_54,0.205,backfill_2026-06,,
Josh,TikTok,2026-04,month,lifetime,age_55_64,0.188,backfill_2026-06,,
Josh,TikTok,2026-04,month,lifetime,country_united_states,0.291,backfill_2026-06,,
Josh,TikTok,2026-04,month,lifetime,country_israel,0.207,backfill_2026-06,,
Josh,TikTok,2026-04,month,lifetime,country_canada,0.036,backfill_2026-06,,
Josh,TikTok,2026-04,month,lifetime,country_united_kingdom,0.034,backfill_2026-06,,
Josh,TikTok,2026-04,month,lifetime,country_australia,0.019,backfill_2026-06,,
Josh,TikTok,2026-05,month,period,followers_total,32610,backfill_2026-06,,
Josh,TikTok,2026-05,month,period,net_followers,435,backfill_2026-06,,
Josh,TikTok,2026-05,month,period,views,147000,backfill_2026-06,,
Josh,TikTok,2026-05,month,period,likes,16000,backfill_2026-06,,
Josh,TikTok,2026-05,month,period,comments,-513,backfill_2026-06,,
Josh,TikTok,2026-05,month,period,shares,480,backfill_2026-06,,
Josh,TikTok,2026-05,month,period,profile_visits,2303,backfill_2026-06,,
Josh,TikTok,2026-05,month,lifetime,age_18_24,0.095,backfill_2026-06,,
Josh,TikTok,2026-05,month,lifetime,age_25_34,0.243,backfill_2026-06,,
Josh,TikTok,2026-05,month,lifetime,age_35_44,0.269,backfill_2026-06,,
Josh,TikTok,2026-05,month,lifetime,age_45_54,0.205,backfill_2026-06,,
Josh,TikTok,2026-05,month,lifetime,age_55_64,0.188,backfill_2026-06,,
Josh,TikTok,2026-05,month,lifetime,country_united_states,0.291,backfill_2026-06,,
Josh,TikTok,2026-05,month,lifetime,country_israel,0.207,backfill_2026-06,,
Josh,TikTok,2026-05,month,lifetime,country_canada,0.036,backfill_2026-06,,
Josh,TikTok,2026-05,month,lifetime,country_united_kingdom,0.034,backfill_2026-06,,
Josh,TikTok,2026-05,month,lifetime,country_australia,0.019,backfill_2026-06,,
Josh,Facebook,2026-03,month,period,followers_total,20494,backfill_2026-06,,
Josh,Facebook,2026-03,month,period,net_followers,1353,backfill_2026-06,,
Josh,Facebook,2026-03,month,period,unfollows,169,backfill_2026-06,,
Josh,Facebook,2026-03,month,period,engagements,59248,backfill_2026-06,,
Josh,Facebook,2026-03,month,period,views,542624,backfill_2026-06,,
Josh,Facebook,2026-03,month,period,likes,33419,backfill_2026-06,,
Josh,Facebook,2026-03,month,period,comments,2581,backfill_2026-06,,
Josh,Facebook,2026-03,month,period,shares,3118,backfill_2026-06,,
Josh,Facebook,2026-03,month,period,profile_visits,6639,backfill_2026-06,,
Josh,Facebook,2026-03,month,lifetime,age_18_24,0.016,backfill_2026-06,,
Josh,Facebook,2026-03,month,lifetime,age_25_34,0.128,backfill_2026-06,,
Josh,Facebook,2026-03,month,lifetime,age_35_44,0.243,backfill_2026-06,,
Josh,Facebook,2026-03,month,lifetime,age_45_54,0.246,backfill_2026-06,,
Josh,Facebook,2026-03,month,lifetime,age_55_64,0.19,backfill_2026-06,,
Josh,Facebook,2026-03,month,lifetime,age_65plus,0.177,backfill_2026-06,,
Josh,Facebook,2026-03,month,lifetime,country_united_states,0.475,backfill_2026-06,,
Josh,Facebook,2026-03,month,lifetime,country_israel,0.166,backfill_2026-06,,
Josh,Facebook,2026-03,month,lifetime,country_united_kingdom,0.068,backfill_2026-06,,
Josh,Facebook,2026-03,month,lifetime,country_philippines,0.064,backfill_2026-06,,
Josh,Facebook,2026-03,month,lifetime,country_australia,0.06,backfill_2026-06,,
Josh,Facebook,2026-04,month,period,followers_total,20494,backfill_2026-06,,
Josh,Facebook,2026-04,month,period,net_followers,7831,backfill_2026-06,,
Josh,Facebook,2026-04,month,period,unfollows,604,backfill_2026-06,,
Josh,Facebook,2026-04,month,period,engagements,217999,backfill_2026-06,,
Josh,Facebook,2026-04,month,period,likes,103158,backfill_2026-06,,
Josh,Facebook,2026-04,month,period,comments,12419,backfill_2026-06,,
Josh,Facebook,2026-04,month,period,shares,11798,backfill_2026-06,,
Josh,Facebook,2026-04,month,period,profile_visits,35264,backfill_2026-06,,
Josh,Facebook,2026-04,month,lifetime,age_18_24,0.016,backfill_2026-06,,
Josh,Facebook,2026-04,month,lifetime,age_25_34,0.128,backfill_2026-06,,
Josh,Facebook,2026-04,month,lifetime,age_35_44,0.243,backfill_2026-06,,
Josh,Facebook,2026-04,month,lifetime,age_45_54,0.246,backfill_2026-06,,
Josh,Facebook,2026-04,month,lifetime,age_55_64,0.19,backfill_2026-06,,
Josh,Facebook,2026-04,month,lifetime,age_65plus,0.177,backfill_2026-06,,
Josh,Facebook,2026-04,month,lifetime,country_united_states,0.475,backfill_2026-06,,
Josh,Facebook,2026-04,month,lifetime,country_israel,0.166,backfill_2026-06,,
Josh,Facebook,2026-04,month,lifetime,country_united_kingdom,0.068,backfill_2026-06,,
Josh,Facebook,2026-04,month,lifetime,country_philippines,0.064,backfill_2026-06,,
Josh,Facebook,2026-04,month,lifetime,country_australia,0.06,backfill_2026-06,,
Josh,Facebook,2026-05,month,period,followers_total,20490,backfill_2026-06,,
Josh,Facebook,2026-05,month,period,net_followers,7453,backfill_2026-06,,
Josh,Facebook,2026-05,month,period,unfollows,696,backfill_2026-06,,
Josh,Facebook,2026-05,month,period,engagements,271198,backfill_2026-06,,
Josh,Facebook,2026-05,month,period,views,2856057,backfill_2026-06,,
Josh,Facebook,2026-05,month,period,likes,143843,backfill_2026-06,,
Josh,Facebook,2026-05,month,period,comments,11556,backfill_2026-06,,
Josh,Facebook,2026-05,month,period,shares,16718,backfill_2026-06,,
Josh,Facebook,2026-05,month,period,profile_visits,38421,backfill_2026-06,,
Josh,Facebook,2026-05,month,lifetime,age_18_24,0.016,backfill_2026-06,,
Josh,Facebook,2026-05,month,lifetime,age_25_34,0.128,backfill_2026-06,,
Josh,Facebook,2026-05,month,lifetime,age_35_44,0.243,backfill_2026-06,,
Josh,Facebook,2026-05,month,lifetime,age_45_54,0.246,backfill_2026-06,,
Josh,Facebook,2026-05,month,lifetime,age_55_64,0.19,backfill_2026-06,,
Josh,Facebook,2026-05,month,lifetime,age_65plus,0.177,backfill_2026-06,,
Josh,Facebook,2026-05,month,lifetime,country_united_states,0.475,backfill_2026-06,,
Josh,Facebook,2026-05,month,lifetime,country_israel,0.166,backfill_2026-06,,
Josh,Facebook,2026-05,month,lifetime,country_united_kingdom,0.068,backfill_2026-06,,
Josh,Facebook,2026-05,month,lifetime,country_philippines,0.064,backfill_2026-06,,
Josh,Facebook,2026-05,month,lifetime,country_australia,0.06,backfill_2026-06,,
Traveling israel,YouTube,2025-09,month,period,likes,129454,Sep25_run,high,
Traveling israel,YouTube,2025-09,month,period,shares,31225,Sep25_run,high,
Traveling israel,YouTube,2025-09,month,period,comments,19113,Sep25_run,high,
Traveling israel,YouTube,2025-09,month,period,subscribers_change,5102,Sep25_run,high,
Traveling israel,YouTube,2025-09,month,period,impressions,12608769,Sep25_run,high,
Traveling israel,YouTube,2025-09,month,period,views,1346534,Sep25_run,high,
Traveling israel,YouTube,2025-09,month,period,watch_time_hours,78898.9,Sep25_run,high,
Traveling israel,YouTube,2025-09,month,period,country_united_states,0.284,Sep25_run,high,
Traveling israel,YouTube,2025-09,month,period,country_israel,0.093,Sep25_run,high,
Traveling israel,YouTube,2025-09,month,period,country_united_kingdom,0.086,Sep25_run,high,
Traveling israel,YouTube,2025-09,month,period,country_canada,0.065,Sep25_run,high,
Traveling israel,YouTube,2025-09,month,period,country_australia,0.052,Sep25_run,high,
Traveling israel,YouTube,2025-09,month,period,country_germany,0.047,Sep25_run,high,
Traveling israel,YouTube,2025-09,month,period,age_13_17,0.005,Sep25_run,high,
Traveling israel,YouTube,2025-09,month,period,age_18_24,0.07,Sep25_run,high,
Traveling israel,YouTube,2025-09,month,period,age_25_34,0.17,Sep25_run,high,
Traveling israel,YouTube,2025-09,month,period,age_35_44,0.18,Sep25_run,high,
Traveling israel,YouTube,2025-09,month,period,age_45_54,0.179,Sep25_run,high,
Traveling israel,YouTube,2025-09,month,period,age_55_64,0.187,Sep25_run,high,
Traveling israel,YouTube,2025-09,month,period,age_65plus,0.209,Sep25_run,high,
Traveling israel,YouTube,2025-09,month,period,gender_female,0.256,Sep25_run,high,
Traveling israel,YouTube,2025-09,month,period,gender_male,0.738,Sep25_run,high,
Traveling israel,YouTube,2025-09,month,period,gender_other,0.006,Sep25_run,high,
Traveling israel,YouTube,2025-10,month,period,likes,156143,Oct25_run,high,
Traveling israel,YouTube,2025-10,month,period,shares,40824,Oct25_run,high,
Traveling israel,YouTube,2025-10,month,period,comments,16951,Oct25_run,high,
Traveling israel,YouTube,2025-10,month,period,subscribers_change,5831,Oct25_run,high,
Traveling israel,YouTube,2025-10,month,period,impressions,18058510,Oct25_run,high,
Traveling israel,YouTube,2025-10,month,period,views,1927835,Oct25_run,high,
Traveling israel,YouTube,2025-10,month,period,watch_time_hours,102936.4,Oct25_run,high,
Traveling israel,YouTube,2025-10,month,period,country_united_states,0.266,Oct25_run,high,
Traveling israel,YouTube,2025-10,month,period,country_united_kingdom,0.096,Oct25_run,high,
Traveling israel,YouTube,2025-10,month,period,country_israel,0.077,Oct25_run,high,
Traveling israel,YouTube,2025-10,month,period,country_canada,0.062,Oct25_run,high,
Traveling israel,YouTube,2025-10,month,period,country_australia,0.059,Oct25_run,high,
Traveling israel,YouTube,2025-10,month,period,country_india,0.044,Oct25_run,high,
Traveling israel,YouTube,2025-10,month,period,age_13_17,0.004,Oct25_run,high,
Traveling israel,YouTube,2025-10,month,period,age_18_24,0.044,Oct25_run,high,
Traveling israel,YouTube,2025-10,month,period,age_25_34,0.125,Oct25_run,high,
Traveling israel,YouTube,2025-10,month,period,age_35_44,0.16,Oct25_run,high,
Traveling israel,YouTube,2025-10,month,period,age_45_54,0.187,Oct25_run,high,
Traveling israel,YouTube,2025-10,month,period,age_55_64,0.222,Oct25_run,high,
Traveling israel,YouTube,2025-10,month,period,age_65plus,0.259,Oct25_run,high,
Traveling israel,YouTube,2025-10,month,period,gender_female,0.255,Oct25_run,high,
Traveling israel,YouTube,2025-10,month,period,gender_male,0.74,Oct25_run,high,
Traveling israel,YouTube,2025-10,month,period,gender_other,0.005,Oct25_run,high,
Traveling israel,YouTube,2025-11,month,period,likes,72215,NOV25_run,high,
Traveling israel,YouTube,2025-11,month,period,shares,16855,NOV25_run,high,
Traveling israel,YouTube,2025-11,month,period,comments,9875,NOV25_run,high,
Traveling israel,YouTube,2025-11,month,period,subscribers_change,2093,NOV25_run,high,
Traveling israel,YouTube,2025-11,month,period,impressions,11515317,NOV25_run,high,
Traveling israel,YouTube,2025-11,month,period,views,911386,NOV25_run,high,
Traveling israel,YouTube,2025-11,month,period,watch_time_hours,63905.6,NOV25_run,high,
Traveling israel,YouTube,2025-11,month,period,country_united_states,0.295,NOV25_run,high,
Traveling israel,YouTube,2025-11,month,period,country_israel,0.095,NOV25_run,high,
Traveling israel,YouTube,2025-11,month,period,country_united_kingdom,0.08,NOV25_run,high,
Traveling israel,YouTube,2025-11,month,period,country_canada,0.063,NOV25_run,high,
Traveling israel,YouTube,2025-11,month,period,country_india,0.054,NOV25_run,high,
Traveling israel,YouTube,2025-11,month,period,country_australia,0.052,NOV25_run,high,
Traveling israel,YouTube,2025-11,month,period,age_13_17,0.004,NOV25_run,high,
Traveling israel,YouTube,2025-11,month,period,age_18_24,0.054,NOV25_run,high,
Traveling israel,YouTube,2025-11,month,period,age_25_34,0.142,NOV25_run,high,
Traveling israel,YouTube,2025-11,month,period,age_35_44,0.169,NOV25_run,high,
Traveling israel,YouTube,2025-11,month,period,age_45_54,0.183,NOV25_run,high,
Traveling israel,YouTube,2025-11,month,period,age_55_64,0.201,NOV25_run,high,
Traveling israel,YouTube,2025-11,month,period,age_65plus,0.246,NOV25_run,high,
Traveling israel,YouTube,2025-11,month,period,gender_female,0.229,NOV25_run,high,
Traveling israel,YouTube,2025-11,month,period,gender_male,0.766,NOV25_run,high,
Traveling israel,YouTube,2025-11,month,period,gender_other,0.005,NOV25_run,high,
Traveling israel,YouTube,2025-12,month,period,likes,72202,Dec25_run,high,
Traveling israel,YouTube,2025-12,month,period,shares,18425,Dec25_run,high,
Traveling israel,YouTube,2025-12,month,period,comments,8768,Dec25_run,high,
Traveling israel,YouTube,2025-12,month,period,subscribers_change,1004,Dec25_run,high,
Traveling israel,YouTube,2025-12,month,period,impressions,7631413,Dec25_run,high,
Traveling israel,YouTube,2025-12,month,period,views,830946,Dec25_run,high,
Traveling israel,YouTube,2025-12,month,period,country_united_states,0.312,Dec25_run,high,
Traveling israel,YouTube,2025-12,month,period,country_israel,0.104,Dec25_run,high,
Traveling israel,YouTube,2025-12,month,period,country_united_kingdom,0.082,Dec25_run,high,
Traveling israel,YouTube,2025-12,month,period,country_australia,0.068,Dec25_run,high,
Traveling israel,YouTube,2025-12,month,period,country_canada,0.066,Dec25_run,high,
Traveling israel,YouTube,2025-12,month,period,country_germany,0.04,Dec25_run,high,
Traveling israel,YouTube,2025-12,month,period,age_13_17,0.004,Dec25_run,high,
Traveling israel,YouTube,2025-12,month,period,age_18_24,0.043,Dec25_run,high,
Traveling israel,YouTube,2025-12,month,period,age_25_34,0.124,Dec25_run,high,
Traveling israel,YouTube,2025-12,month,period,age_35_44,0.16,Dec25_run,high,
Traveling israel,YouTube,2025-12,month,period,age_45_54,0.185,Dec25_run,high,
Traveling israel,YouTube,2025-12,month,period,age_55_64,0.215,Dec25_run,high,
Traveling israel,YouTube,2025-12,month,period,age_65plus,0.269,Dec25_run,high,
Traveling israel,YouTube,2025-12,month,period,gender_female,0.23,Dec25_run,high,
Traveling israel,YouTube,2025-12,month,period,gender_male,0.766,Dec25_run,high,
Traveling israel,YouTube,2025-12,month,period,gender_other,0.004,Dec25_run,high,
Traveling israel,YouTube,2026-01,month,period,likes,88688,Jan26_run,high,
Traveling israel,YouTube,2026-01,month,period,shares,14772,Jan26_run,high,
Traveling israel,YouTube,2026-01,month,period,comments,8240,Jan26_run,high,
Traveling israel,YouTube,2026-01,month,period,subscribers_change,22,Jan26_run,high,
Traveling israel,YouTube,2026-01,month,period,impressions,6366677,Jan26_run,high,
Traveling israel,YouTube,2026-01,month,period,views,821407,Jan26_run,high,
Traveling israel,YouTube,2026-01,month,period,watch_time_hours,36803.6,Jan26_run,high,
Traveling israel,YouTube,2026-01,month,period,country_united_states,0.313,Jan26_run,high,
Traveling israel,YouTube,2026-01,month,period,country_israel,0.115,Jan26_run,high,
Traveling israel,YouTube,2026-01,month,period,country_united_kingdom,0.079,Jan26_run,high,
Traveling israel,YouTube,2026-01,month,period,country_canada,0.068,Jan26_run,high,
Traveling israel,YouTube,2026-01,month,period,country_australia,0.058,Jan26_run,high,
Traveling israel,YouTube,2026-01,month,period,country_germany,0.043,Jan26_run,high,
Traveling israel,YouTube,2026-01,month,period,age_13_17,0.003,Jan26_run,high,
Traveling israel,YouTube,2026-01,month,period,age_18_24,0.043,Jan26_run,high,
Traveling israel,YouTube,2026-01,month,period,age_25_34,0.121,Jan26_run,high,
Traveling israel,YouTube,2026-01,month,period,age_35_44,0.159,Jan26_run,high,
Traveling israel,YouTube,2026-01,month,period,age_45_54,0.191,Jan26_run,high,
Traveling israel,YouTube,2026-01,month,period,age_55_64,0.218,Jan26_run,high,
Traveling israel,YouTube,2026-01,month,period,age_65plus,0.265,Jan26_run,high,
Traveling israel,YouTube,2026-01,month,period,gender_female,0.232,Jan26_run,high,
Traveling israel,YouTube,2026-01,month,period,gender_male,0.764,Jan26_run,high,
Traveling israel,YouTube,2026-01,month,period,gender_other,0.004,Jan26_run,high,
Traveling israel,YouTube,2026-02,month,period,likes,67221,Feb26_run,high,
Traveling israel,YouTube,2026-02,month,period,shares,13292,Feb26_run,high,
Traveling israel,YouTube,2026-02,month,period,comments,6564,Feb26_run,high,
Traveling israel,YouTube,2026-02,month,period,subscribers_change,-250,Feb26_run,high,
Traveling israel,YouTube,2026-02,month,period,impressions,4619360,Feb26_run,high,
Traveling israel,YouTube,2026-02,month,period,views,704252,Feb26_run,high,
Traveling israel,YouTube,2026-02,month,period,watch_time_hours,30470.1,Feb26_run,high,
Traveling israel,YouTube,2026-02,month,period,country_united_states,0.318,Feb26_run,high,
Traveling israel,YouTube,2026-02,month,period,country_israel,0.138,Feb26_run,high,
Traveling israel,YouTube,2026-02,month,period,country_united_kingdom,0.071,Feb26_run,high,
Traveling israel,YouTube,2026-02,month,period,country_canada,0.062,Feb26_run,high,
Traveling israel,YouTube,2026-02,month,period,country_australia,0.051,Feb26_run,high,
Traveling israel,YouTube,2026-02,month,period,country_germany,0.043,Feb26_run,high,
Traveling israel,YouTube,2026-02,month,period,age_13_17,0.004,Feb26_run,high,
Traveling israel,YouTube,2026-02,month,period,age_18_24,0.046,Feb26_run,high,
Traveling israel,YouTube,2026-02,month,period,age_25_34,0.129,Feb26_run,high,
Traveling israel,YouTube,2026-02,month,period,age_35_44,0.158,Feb26_run,high,
Traveling israel,YouTube,2026-02,month,period,age_45_54,0.189,Feb26_run,high,
Traveling israel,YouTube,2026-02,month,period,age_55_64,0.209,Feb26_run,high,
Traveling israel,YouTube,2026-02,month,period,age_65plus,0.264,Feb26_run,high,
Traveling israel,YouTube,2026-02,month,period,gender_female,0.222,Feb26_run,high,
Traveling israel,YouTube,2026-02,month,period,gender_male,0.774,Feb26_run,high,
Traveling israel,YouTube,2026-02,month,period,gender_other,0.005,Feb26_run,high,
Traveling israel,YouTube,2026-03,month,period,likes,112293,Mar26_run,high,
Traveling israel,YouTube,2026-03,month,period,shares,16489,Mar26_run,high,
Traveling israel,YouTube,2026-03,month,period,comments,10097,Mar26_run,high,
Traveling israel,YouTube,2026-03,month,period,subscribers_change,291,Mar26_run,high,
Traveling israel,YouTube,2026-03,month,period,impressions,6447133,Mar26_run,high,
Traveling israel,YouTube,2026-03,month,period,views,1203295,Mar26_run,high,
Traveling israel,YouTube,2026-03,month,period,watch_time_hours,40295,Mar26_run,high,
Traveling israel,YouTube,2026-03,month,period,country_united_states,0.296,Mar26_run,high,
Traveling israel,YouTube,2026-03,month,period,country_israel,0.134,Mar26_run,high,
Traveling israel,YouTube,2026-03,month,period,country_united_kingdom,0.075,Mar26_run,high,
Traveling israel,YouTube,2026-03,month,period,country_canada,0.062,Mar26_run,high,
Traveling israel,YouTube,2026-03,month,period,country_australia,0.051,Mar26_run,high,
Traveling israel,YouTube,2026-03,month,period,country_germany,0.044,Mar26_run,high,
Traveling israel,YouTube,2026-03,month,period,age_13_17,0.008,Mar26_run,high,
Traveling israel,YouTube,2026-03,month,period,age_18_24,0.043,Mar26_run,high,
Traveling israel,YouTube,2026-03,month,period,age_25_34,0.131,Mar26_run,high,
Traveling israel,YouTube,2026-03,month,period,age_35_44,0.167,Mar26_run,high,
Traveling israel,YouTube,2026-03,month,period,age_45_54,0.192,Mar26_run,high,
Traveling israel,YouTube,2026-03,month,period,age_55_64,0.21,Mar26_run,high,
Traveling israel,YouTube,2026-03,month,period,age_65plus,0.25,Mar26_run,high,
Traveling israel,YouTube,2026-03,month,period,gender_female,0.229,Mar26_run,high,
Traveling israel,YouTube,2026-03,month,period,gender_male,0.767,Mar26_run,high,
Traveling israel,YouTube,2026-03,month,period,gender_other,0.005,Mar26_run,high,
Traveling israel,YouTube,2026-04,month,period,likes,33371,April26_run,high,
Traveling israel,YouTube,2026-04,month,period,shares,6520,April26_run,high,
Traveling israel,YouTube,2026-04,month,period,comments,3727,April26_run,high,
Traveling israel,YouTube,2026-04,month,period,subscribers_change,-153,April26_run,high,
Traveling israel,YouTube,2026-04,month,period,impressions,3298200,April26_run,high,
Traveling israel,YouTube,2026-04,month,period,views,469073,April26_run,high,
Traveling israel,YouTube,2026-04,month,period,watch_time_hours,24891.8,April26_run,high,
Traveling israel,YouTube,2026-04,month,period,country_united_states,0.284,April26_run,high,
Traveling israel,YouTube,2026-04,month,period,country_israel,0.144,April26_run,high,
Traveling israel,YouTube,2026-04,month,period,country_united_kingdom,0.071,April26_run,high,
Traveling israel,YouTube,2026-04,month,period,country_canada,0.061,April26_run,high,
Traveling israel,YouTube,2026-04,month,period,country_australia,0.047,April26_run,high,
Traveling israel,YouTube,2026-04,month,period,country_germany,0.043,April26_run,high,
Traveling israel,YouTube,2026-04,month,period,age_13_17,0.024,April26_run,high,
Traveling israel,YouTube,2026-04,month,period,age_18_24,0.047,April26_run,high,
Traveling israel,YouTube,2026-04,month,period,age_25_34,0.135,April26_run,high,
Traveling israel,YouTube,2026-04,month,period,age_35_44,0.162,April26_run,high,
Traveling israel,YouTube,2026-04,month,period,age_45_54,0.182,April26_run,high,
Traveling israel,YouTube,2026-04,month,period,age_55_64,0.198,April26_run,high,
Traveling israel,YouTube,2026-04,month,period,age_65plus,0.253,April26_run,high,
Traveling israel,YouTube,2026-04,month,period,gender_female,0.222,April26_run,high,
Traveling israel,YouTube,2026-04,month,period,gender_male,0.774,April26_run,high,
Traveling israel,YouTube,2026-04,month,period,gender_other,0.004,April26_run,high,
Traveling israel,YouTube,2026-05,month,period,likes,72082,Mai26_run,high,
Traveling israel,YouTube,2026-05,month,period,shares,14577,Mai26_run,high,
Traveling israel,YouTube,2026-05,month,period,comments,7253,Mai26_run,high,
Traveling israel,YouTube,2026-05,month,period,subscribers_change,432,Mai26_run,high,
Traveling israel,YouTube,2026-05,month,period,impressions,4987068,Mai26_run,high,
Traveling israel,YouTube,2026-05,month,period,views,743242,Mai26_run,high,
Traveling israel,YouTube,2026-05,month,period,watch_time_hours,41850.3,Mai26_run,high,
Traveling israel,YouTube,2026-05,month,period,country_united_states,0.284,Mai26_run,high,
Traveling israel,YouTube,2026-05,month,period,country_israel,0.149,Mai26_run,high,
Traveling israel,YouTube,2026-05,month,period,country_united_kingdom,0.08,Mai26_run,high,
Traveling israel,YouTube,2026-05,month,period,country_canada,0.059,Mai26_run,high,
Traveling israel,YouTube,2026-05,month,period,country_germany,0.049,Mai26_run,high,
Traveling israel,YouTube,2026-05,month,period,country_australia,0.044,Mai26_run,high,
Traveling israel,YouTube,2026-05,month,period,age_13_17,0.021,Mai26_run,high,
Traveling israel,YouTube,2026-05,month,period,age_18_24,0.038,Mai26_run,high,
Traveling israel,YouTube,2026-05,month,period,age_25_34,0.127,Mai26_run,high,
Traveling israel,YouTube,2026-05,month,period,age_35_44,0.16,Mai26_run,high,
Traveling israel,YouTube,2026-05,month,period,age_45_54,0.183,Mai26_run,high,
Traveling israel,YouTube,2026-05,month,period,age_55_64,0.207,Mai26_run,high,
Traveling israel,YouTube,2026-05,month,period,age_65plus,0.265,Mai26_run,high,
Traveling israel,YouTube,2026-05,month,period,gender_female,0.232,Mai26_run,high,
Traveling israel,YouTube,2026-05,month,period,gender_male,0.763,Mai26_run,high,
Traveling israel,YouTube,2026-05,month,period,gender_other,0.005,Mai26_run,high,
Ella Kenan,X,2026-05,month,period,followers_total,80100,EK_May26_run,high,
Ella Kenan,X,2026-05,month,period,impressions,2400000,EK_May26_run,high,
Ella Kenan,X,2026-05,month,period,engagement_rate,0.044,EK_May26_run,high,
Ella Kenan,X,2026-05,month,period,engagements,109800,EK_May26_run,high,
Ella Kenan,X,2026-05,month,period,profile_visits,6700,EK_May26_run,high,
Ella Kenan,X,2026-05,month,period,comments,2600,EK_May26_run,high,
Ella Kenan,X,2026-05,month,period,likes,91900,EK_May26_run,high,
Ella Kenan,X,2026-05,month,period,reposts,6400,EK_May26_run,high,
Ella Kenan,X,2026-05,month,period,shares,458,EK_May26_run,high,
Ella Kenan,Instagram,2026-05,month,period,views,120301,EK_May26_run,high,
Ella Kenan,Threads,2026-05,month,period,views,26700,EK_May26_run,medium,
Ella Kenan,Threads,2026-05,month,period,engagements,2890,EK_May26_run,medium,
Ella Kenan,Threads,2026-05,month,period,followers_total,1556,EK_May26_run,medium,
Ella Kenan,Substack,2026-05,month,period,followers_total,726,EK_May26_run,medium,30-day window from Jun 10; chart starts May 12
Ella Kenan,Substack,2026-05,month,period,views,1589,EK_May26_run,medium,30-day views; window ~May 12-Jun 10
Brightmind History,Instagram,2026-05,month,period,views,73408,backfill_2026-06,,
Brightmind History,Instagram,2026-04,month,period,views,205325,backfill_2026-06,,
Brightmind History,Instagram,2026-04,month,period,accounts_reached,116105,backfill_2026-06,,
Gazawood,X,2025-09,month,period,followers_total,123600,backfill_2026-06,high,
Gazawood,X,2025-09,month,period,impressions,14900000,backfill_2026-06,high,
Gazawood,X,2025-09,month,period,engagements,295700,backfill_2026-06,high,
Gazawood,X,2025-09,month,period,likes,174200,backfill_2026-06,high,
Gazawood,X,2025-09,month,period,comments,12100,backfill_2026-06,high,
Gazawood,X,2025-09,month,period,reposts,50500,backfill_2026-06,high,
Gazawood,X,2025-09,month,period,profile_visits,25700,backfill_2026-06,high,
Gazawood,X,2025-09,month,period,engagement_rate,0.019,backfill_2026-06,high,
Gazawood,X,2025-09,month,period,bookmarks,24300,backfill_2026-06,high,
Gazawood,X,2025-09,month,period,gender_male,0.765,backfill_2026-06,high,
Gazawood,X,2025-09,month,period,gender_female,0.218,backfill_2026-06,high,
Gazawood,X,2025-09,month,period,gender_other,0.017,backfill_2026-06,high,
Gazawood,X,2025-09,month,period,age_13_17,0.004,backfill_2026-06,high,
Gazawood,X,2025-09,month,period,age_18_24,0.117,backfill_2026-06,high,
Gazawood,X,2025-09,month,period,age_25_34,0.309,backfill_2026-06,high,
Gazawood,X,2025-09,month,period,age_35_44,0.234,backfill_2026-06,high,
Gazawood,X,2025-09,month,period,age_45_54,0.168,backfill_2026-06,high,
Gazawood,X,2025-09,month,period,age_55_64,0.109,backfill_2026-06,high,
Gazawood,X,2025-09,month,period,age_65plus,0.059,backfill_2026-06,high,
Gazawood,X,2025-09,month,period,country_united_states,0.296,backfill_2026-06,high,
Gazawood,X,2025-09,month,period,country_united_kingdom,0.106,backfill_2026-06,high,
Gazawood,X,2025-09,month,period,country_israel,0.06,backfill_2026-06,high,
Gazawood,X,2025-09,month,period,country_germany,0.059,backfill_2026-06,high,
Gazawood,X,2025-09,month,period,country_canada,0.042,backfill_2026-06,high,
Gazawood,X,2025-10,month,period,followers_total,123600,backfill_2026-06,high,
Gazawood,X,2025-10,month,period,impressions,16000000,backfill_2026-06,high,
Gazawood,X,2025-10,month,period,engagements,358600,backfill_2026-06,high,
Gazawood,X,2025-10,month,period,likes,237300,backfill_2026-06,high,
Gazawood,X,2025-10,month,period,comments,16700,backfill_2026-06,high,
Gazawood,X,2025-10,month,period,reposts,56500,backfill_2026-06,high,
Gazawood,X,2025-10,month,period,profile_visits,20100,backfill_2026-06,high,
Gazawood,X,2025-10,month,period,engagement_rate,0.022,backfill_2026-06,high,
Gazawood,X,2025-10,month,period,bookmarks,22900,backfill_2026-06,high,
Gazawood,X,2025-10,month,period,gender_male,0.731,backfill_2026-06,high,
Gazawood,X,2025-10,month,period,gender_female,0.265,backfill_2026-06,high,
Gazawood,X,2025-10,month,period,gender_other,0.004,backfill_2026-06,high,
Gazawood,X,2025-10,month,period,age_13_17,0.011,backfill_2026-06,high,
Gazawood,X,2025-10,month,period,age_18_24,0.087,backfill_2026-06,high,
Gazawood,X,2025-10,month,period,age_25_34,0.228,backfill_2026-06,high,
Gazawood,X,2025-10,month,period,age_35_44,0.203,backfill_2026-06,high,
Gazawood,X,2025-10,month,period,age_45_54,0.17,backfill_2026-06,high,
Gazawood,X,2025-10,month,period,age_55_64,0.136,backfill_2026-06,medium,OCR-ambiguous; ages sum to 100%
Gazawood,X,2025-10,month,period,age_65plus,0.165,backfill_2026-06,medium,OCR-ambiguous; ages sum to 100%
Gazawood,X,2025-10,month,period,country_united_states,0.277,backfill_2026-06,high,
Gazawood,X,2025-10,month,period,country_united_kingdom,0.144,backfill_2026-06,high,
Gazawood,X,2025-10,month,period,country_israel,0.062,backfill_2026-06,high,
Gazawood,X,2025-10,month,period,country_germany,0.051,backfill_2026-06,high,
Gazawood,X,2025-10,month,period,country_canada,0.044,backfill_2026-06,high,
Gazawood,X,2025-11,month,period,followers_total,123600,backfill_2026-06,high,
Gazawood,X,2025-11,month,period,impressions,11000000,backfill_2026-06,high,
Gazawood,X,2025-11,month,period,engagements,297600,backfill_2026-06,high,
Gazawood,X,2025-11,month,period,likes,201400,backfill_2026-06,high,
Gazawood,X,2025-11,month,period,comments,14900,backfill_2026-06,high,
Gazawood,X,2025-11,month,period,reposts,45400,backfill_2026-06,high,
Gazawood,X,2025-11,month,period,profile_visits,15100,backfill_2026-06,high,
Gazawood,X,2025-11,month,period,engagement_rate,0.027,backfill_2026-06,high,
Gazawood,X,2025-11,month,period,bookmarks,16900,backfill_2026-06,high,
Gazawood,X,2025-11,month,period,gender_male,0.752,backfill_2026-06,high,
Gazawood,X,2025-11,month,period,gender_female,0.237,backfill_2026-06,high,
Gazawood,X,2025-11,month,period,gender_other,0.011,backfill_2026-06,high,
Gazawood,X,2025-11,month,period,age_13_17,0.012,backfill_2026-06,high,
Gazawood,X,2025-11,month,period,age_18_24,0.096,backfill_2026-06,high,
Gazawood,X,2025-11,month,period,age_25_34,0.241,backfill_2026-06,high,
Gazawood,X,2025-11,month,period,age_35_44,0.198,backfill_2026-06,high,
Gazawood,X,2025-11,month,period,age_45_54,0.158,backfill_2026-06,high,
Gazawood,X,2025-11,month,period,age_55_64,0.127,backfill_2026-06,medium,OCR-ambiguous; ages sum to 100%
Gazawood,X,2025-11,month,period,age_65plus,0.166,backfill_2026-06,medium,OCR-ambiguous; ages sum to 100%
Gazawood,X,2025-11,month,period,country_united_states,0.318,backfill_2026-06,high,
Gazawood,X,2025-11,month,period,country_united_kingdom,0.122,backfill_2026-06,high,
Gazawood,X,2025-11,month,period,country_israel,0.081,backfill_2026-06,high,
Gazawood,X,2025-11,month,period,country_germany,0.051,backfill_2026-06,high,
Gazawood,X,2025-11,month,period,country_canada,0.049,backfill_2026-06,high,
Gazawood,X,2025-12,month,period,followers_total,123600,backfill_2026-06,high,
Gazawood,X,2025-12,month,period,impressions,17500000,backfill_2026-06,high,
Gazawood,X,2025-12,month,period,engagements,420700,backfill_2026-06,high,
Gazawood,X,2025-12,month,period,likes,287500,backfill_2026-06,high,
Gazawood,X,2025-12,month,period,comments,20500,backfill_2026-06,high,
Gazawood,X,2025-12,month,period,reposts,55800,backfill_2026-06,high,
Gazawood,X,2025-12,month,period,profile_visits,24900,backfill_2026-06,high,
Gazawood,X,2025-12,month,period,engagement_rate,0.024,backfill_2026-06,high,
Gazawood,X,2025-12,month,period,bookmarks,24600,backfill_2026-06,high,
Gazawood,X,2025-12,month,period,gender_male,0.764,backfill_2026-06,high,
Gazawood,X,2025-12,month,period,gender_female,0.225,backfill_2026-06,high,
Gazawood,X,2025-12,month,period,gender_other,0.011,backfill_2026-06,high,
Gazawood,X,2025-12,month,period,age_13_17,0.016,backfill_2026-06,high,
Gazawood,X,2025-12,month,period,age_18_24,0.131,backfill_2026-06,high,
Gazawood,X,2025-12,month,period,age_25_34,0.289,backfill_2026-06,high,
Gazawood,X,2025-12,month,period,age_35_44,0.191,backfill_2026-06,high,
Gazawood,X,2025-12,month,period,age_45_54,0.14,backfill_2026-06,high,
Gazawood,X,2025-12,month,period,age_55_64,0.108,backfill_2026-06,high,
Gazawood,X,2025-12,month,period,age_65plus,0.125,backfill_2026-06,high,
Gazawood,X,2025-12,month,period,country_united_states,0.289,backfill_2026-06,high,
Gazawood,X,2025-12,month,period,country_united_kingdom,0.137,backfill_2026-06,high,
Gazawood,X,2025-12,month,period,country_israel,0.056,backfill_2026-06,high,
Gazawood,X,2025-12,month,period,country_canada,0.045,backfill_2026-06,high,
Gazawood,X,2025-12,month,period,country_germany,0.043,backfill_2026-06,high,
Gazawood,X,2026-01,month,period,followers_total,123600,backfill_2026-06,high,
Gazawood,X,2026-01,month,period,impressions,10700000,backfill_2026-06,high,
Gazawood,X,2026-01,month,period,engagements,316000,backfill_2026-06,high,
Gazawood,X,2026-01,month,period,likes,226400,backfill_2026-06,high,
Gazawood,X,2026-01,month,period,comments,11900,backfill_2026-06,high,
Gazawood,X,2026-01,month,period,reposts,47900,backfill_2026-06,high,
Gazawood,X,2026-01,month,period,profile_visits,11700,backfill_2026-06,high,
Gazawood,X,2026-01,month,period,engagement_rate,0.029,backfill_2026-06,high,
Gazawood,X,2026-01,month,period,bookmarks,13700,backfill_2026-06,high,
Gazawood,X,2026-01,month,period,gender_male,0.76,backfill_2026-06,high,
Gazawood,X,2026-01,month,period,gender_female,0.218,backfill_2026-06,high,
Gazawood,X,2026-01,month,period,gender_other,0.022,backfill_2026-06,high,
Gazawood,X,2026-01,month,period,age_13_17,0.016,backfill_2026-06,high,
Gazawood,X,2026-01,month,period,age_18_24,0.131,backfill_2026-06,high,
Gazawood,X,2026-01,month,period,age_25_34,0.304,backfill_2026-06,high,
Gazawood,X,2026-01,month,period,age_35_44,0.21,backfill_2026-06,high,
Gazawood,X,2026-01,month,period,age_45_54,0.138,backfill_2026-06,high,
Gazawood,X,2026-01,month,period,age_55_64,0.1,backfill_2026-06,high,
Gazawood,X,2026-01,month,period,age_65plus,0.1,backfill_2026-06,high,
Gazawood,X,2026-01,month,period,country_united_states,0.281,backfill_2026-06,high,
Gazawood,X,2026-01,month,period,country_united_kingdom,0.106,backfill_2026-06,high,
Gazawood,X,2026-01,month,period,country_canada,0.058,backfill_2026-06,high,
Gazawood,X,2026-01,month,period,country_germany,0.053,backfill_2026-06,high,
Gazawood,X,2026-01,month,period,country_israel,0.049,backfill_2026-06,high,
Gazawood,X,2026-02,month,period,followers_total,123600,backfill_2026-06,high,
Gazawood,X,2026-02,month,period,impressions,45700000,backfill_2026-06,high,
Gazawood,X,2026-02,month,period,engagements,603500,backfill_2026-06,high,
Gazawood,X,2026-02,month,period,likes,359800,backfill_2026-06,medium,label reconstructed from OCR (Feb spike)
Gazawood,X,2026-02,month,period,comments,23400,backfill_2026-06,high,
Gazawood,X,2026-02,month,period,reposts,101100,backfill_2026-06,medium,label reconstructed from OCR (Feb spike)
Gazawood,X,2026-02,month,period,profile_visits,40600,backfill_2026-06,high,
Gazawood,X,2026-02,month,period,engagement_rate,0.013,backfill_2026-06,high,
Gazawood,X,2026-02,month,period,bookmarks,62300,backfill_2026-06,medium,label reconstructed from OCR (Feb spike)
Gazawood,X,2026-02,month,period,gender_male,0.692,backfill_2026-06,high,
Gazawood,X,2026-02,month,period,gender_female,0.296,backfill_2026-06,high,
Gazawood,X,2026-02,month,period,gender_other,0.012,backfill_2026-06,high,
Gazawood,X,2026-02,month,period,age_13_17,0.024,backfill_2026-06,high,
Gazawood,X,2026-02,month,period,age_18_24,0.21,backfill_2026-06,high,
Gazawood,X,2026-02,month,period,age_25_34,0.387,backfill_2026-06,high,
Gazawood,X,2026-02,month,period,age_35_44,0.167,backfill_2026-06,high,
Gazawood,X,2026-02,month,period,age_45_54,0.092,backfill_2026-06,high,
Gazawood,X,2026-02,month,period,age_55_64,0.061,backfill_2026-06,high,
Gazawood,X,2026-02,month,period,age_65plus,0.06,backfill_2026-06,high,
Gazawood,X,2026-02,month,period,country_united_states,0.314,backfill_2026-06,high,
Gazawood,X,2026-02,month,period,country_united_kingdom,0.098,backfill_2026-06,high,
Gazawood,X,2026-02,month,period,country_india,0.056,backfill_2026-06,high,
Gazawood,X,2026-02,month,period,country_canada,0.041,backfill_2026-06,high,
Gazawood,X,2026-02,month,period,country_france,0.035,backfill_2026-06,high,
Gazawood,X,2026-03,month,period,followers_total,123600,backfill_2026-06,high,
Gazawood,X,2026-03,month,period,impressions,31200000,backfill_2026-06,high,
Gazawood,X,2026-03,month,period,engagements,861400,backfill_2026-06,high,
Gazawood,X,2026-03,month,period,likes,533100,backfill_2026-06,high,
Gazawood,X,2026-03,month,period,comments,30300,backfill_2026-06,high,
Gazawood,X,2026-03,month,period,reposts,175900,backfill_2026-06,high,
Gazawood,X,2026-03,month,period,profile_visits,26900,backfill_2026-06,high,
Gazawood,X,2026-03,month,period,engagement_rate,0.027,backfill_2026-06,high,
Gazawood,X,2026-03,month,period,bookmarks,70900,backfill_2026-06,high,
Gazawood,X,2026-03,month,period,gender_male,0.79,backfill_2026-06,high,
Gazawood,X,2026-03,month,period,gender_female,0.203,backfill_2026-06,high,
Gazawood,X,2026-03,month,period,gender_other,0.007,backfill_2026-06,high,
Gazawood,X,2026-03,month,period,age_13_17,0.014,backfill_2026-06,high,
Gazawood,X,2026-03,month,period,age_18_24,0.117,backfill_2026-06,high,
Gazawood,X,2026-03,month,period,age_25_34,0.287,backfill_2026-06,high,
Gazawood,X,2026-03,month,period,age_35_44,0.205,backfill_2026-06,high,
Gazawood,X,2026-03,month,period,age_45_54,0.144,backfill_2026-06,high,
Gazawood,X,2026-03,month,period,age_55_64,0.107,backfill_2026-06,high,
Gazawood,X,2026-03,month,period,age_65plus,0.126,backfill_2026-06,high,
Gazawood,X,2026-03,month,period,country_united_states,0.292,backfill_2026-06,high,
Gazawood,X,2026-03,month,period,country_united_kingdom,0.107,backfill_2026-06,high,
Gazawood,X,2026-03,month,period,country_india,0.067,backfill_2026-06,high,
Gazawood,X,2026-03,month,period,country_canada,0.044,backfill_2026-06,high,
Gazawood,X,2026-03,month,period,country_germany,0.04,backfill_2026-06,high,
Gazawood,X,2026-04,month,period,followers_total,123600,backfill_2026-06,high,
Gazawood,X,2026-04,month,period,impressions,11700000,backfill_2026-06,high,
Gazawood,X,2026-04,month,period,engagements,461600,backfill_2026-06,high,
Gazawood,X,2026-04,month,period,likes,273600,backfill_2026-06,high,
Gazawood,X,2026-04,month,period,comments,26600,backfill_2026-06,high,
Gazawood,X,2026-04,month,period,reposts,96200,backfill_2026-06,high,
Gazawood,X,2026-04,month,period,profile_visits,14300,backfill_2026-06,high,
Gazawood,X,2026-04,month,period,engagement_rate,0.039,backfill_2026-06,high,
Gazawood,X,2026-04,month,period,bookmarks,37600,backfill_2026-06,high,
Gazawood,X,2026-04,month,period,gender_male,0.722,backfill_2026-06,high,
Gazawood,X,2026-04,month,period,gender_female,0.267,backfill_2026-06,high,
Gazawood,X,2026-04,month,period,gender_other,0.011,backfill_2026-06,high,
Gazawood,X,2026-04,month,period,age_13_17,0.011,backfill_2026-06,high,
Gazawood,X,2026-04,month,period,age_18_24,0.079,backfill_2026-06,high,
Gazawood,X,2026-04,month,period,age_25_34,0.173,backfill_2026-06,high,
Gazawood,X,2026-04,month,period,age_35_44,0.178,backfill_2026-06,high,
Gazawood,X,2026-04,month,period,age_45_54,0.179,backfill_2026-06,high,
Gazawood,X,2026-04,month,period,age_55_64,0.172,backfill_2026-06,high,
Gazawood,X,2026-04,month,period,age_65plus,0.208,backfill_2026-06,high,
Gazawood,X,2026-04,month,period,country_united_states,0.289,backfill_2026-06,high,
Gazawood,X,2026-04,month,period,country_united_kingdom,0.109,backfill_2026-06,high,
Gazawood,X,2026-04,month,period,country_israel,0.085,backfill_2026-06,high,
Gazawood,X,2026-04,month,period,country_germany,0.054,backfill_2026-06,high,
Gazawood,X,2026-04,month,period,country_india,0.047,backfill_2026-06,high,
Gazawood,X,2026-05,month,period,followers_total,124500,backfill_2026-06,high,
Gazawood,X,2026-05,month,period,impressions,11100000,backfill_2026-06,high,
Gazawood,X,2026-05,month,period,engagements,449500,backfill_2026-06,high,
Gazawood,X,2026-05,month,period,likes,263300,backfill_2026-06,high,
Gazawood,X,2026-05,month,period,comments,19700,backfill_2026-06,high,
Gazawood,X,2026-05,month,period,reposts,108400,backfill_2026-06,high,
Gazawood,X,2026-05,month,period,profile_visits,13200,backfill_2026-06,high,
Gazawood,X,2026-05,month,period,engagement_rate,0.04,backfill_2026-06,high,
Gazawood,X,2026-05,month,period,bookmarks,32900,backfill_2026-06,high,
Gazawood,X,2026-05,month,period,gender_male,0.747,backfill_2026-06,high,
Gazawood,X,2026-05,month,period,gender_female,0.234,backfill_2026-06,high,
Gazawood,X,2026-05,month,period,gender_other,0.019,backfill_2026-06,high,
Gazawood,X,2026-05,month,period,age_13_17,0.014,backfill_2026-06,high,
Gazawood,X,2026-05,month,period,age_18_24,0.093,backfill_2026-06,high,
Gazawood,X,2026-05,month,period,age_25_34,0.225,backfill_2026-06,high,
Gazawood,X,2026-05,month,period,age_35_44,0.188,backfill_2026-06,high,
Gazawood,X,2026-05,month,period,age_45_54,0.165,backfill_2026-06,high,
Gazawood,X,2026-05,month,period,age_55_64,0.137,backfill_2026-06,high,
Gazawood,X,2026-05,month,period,age_65plus,0.177,backfill_2026-06,high,
Gazawood,X,2026-05,month,period,country_united_states,0.277,backfill_2026-06,high,
Gazawood,X,2026-05,month,period,country_united_kingdom,0.15,backfill_2026-06,high,
Gazawood,X,2026-05,month,period,country_netherlands,0.051,backfill_2026-06,high,
Gazawood,X,2026-05,month,period,country_india,0.048,backfill_2026-06,high,
Gazawood,X,2026-05,month,period,country_germany,0.044,backfill_2026-06,high,
Gazawood,Instagram,2026-02,month,period,views,4500000,backfill_2026-06,medium,monthly recap card; rounded
Gazawood,Instagram,2026-02,month,period,followers_total,11000,backfill_2026-06,medium,monthly recap card; rounded
Gazawood,Instagram,2026-02,month,period,net_followers,5184,backfill_2026-06,medium,monthly recap card
Gazawood,Instagram,2026-03,month,period,views,5600000,backfill_2026-06,medium,monthly recap card; rounded
Idit Bar,X,2025-09,month,period,followers_total,19200,backfill_2026-06,high,
Idit Bar,X,2025-09,month,period,impressions,1300000,backfill_2026-06,high,
Idit Bar,X,2025-09,month,period,engagements,36600,backfill_2026-06,high,
Idit Bar,X,2025-09,month,period,engagement_rate,0.027,backfill_2026-06,high,
Idit Bar,X,2025-09,month,period,likes,12000,backfill_2026-06,medium,Hebrew OCR; label-value reconstructed
Idit Bar,X,2025-09,month,period,comments,1700,backfill_2026-06,medium,Hebrew OCR; label-value reconstructed
Idit Bar,X,2025-09,month,period,reposts,5500,backfill_2026-06,medium,Hebrew OCR; label-value reconstructed
Idit Bar,X,2025-09,month,period,profile_visits,15700,backfill_2026-06,high,
Idit Bar,X,2025-09,month,period,shares,261,backfill_2026-06,high,
Idit Bar,X,2025-09,month,period,bookmarks,1200,backfill_2026-06,medium,Hebrew OCR; label-value reconstructed
Idit Bar,X,2025-09,month,period,gender_male,0.804,backfill_2026-06,high,
Idit Bar,X,2025-09,month,period,gender_female,0.173,backfill_2026-06,high,
Idit Bar,X,2025-09,month,period,gender_other,0.023,backfill_2026-06,high,
Idit Bar,X,2025-09,month,period,age_13_17,0.006,backfill_2026-06,high,
Idit Bar,X,2025-09,month,period,age_18_24,0.109,backfill_2026-06,high,
Idit Bar,X,2025-09,month,period,age_25_34,0.388,backfill_2026-06,high,
Idit Bar,X,2025-09,month,period,age_35_44,0.307,backfill_2026-06,high,
Idit Bar,X,2025-09,month,period,age_45_54,0.127,backfill_2026-06,high,
Idit Bar,X,2025-09,month,period,age_55_64,0.044,backfill_2026-06,high,
Idit Bar,X,2025-09,month,period,age_65plus,0.02,backfill_2026-06,high,
Idit Bar,X,2025-09,month,period,country_united_states,0.448,backfill_2026-06,high,
Idit Bar,X,2025-09,month,period,country_saudi_arabia,0.136,backfill_2026-06,high,
Idit Bar,X,2025-09,month,period,country_egypt,0.068,backfill_2026-06,high,
Idit Bar,X,2025-09,month,period,country_iraq,0.048,backfill_2026-06,high,
Idit Bar,X,2025-09,month,period,country_kuwait,0.047,backfill_2026-06,high,
Idit Bar,X,2025-11,month,period,followers_total,19200,backfill_2026-06,high,
Idit Bar,X,2025-11,month,period,impressions,781900,backfill_2026-06,high,
Idit Bar,X,2025-11,month,period,engagements,27400,backfill_2026-06,high,
Idit Bar,X,2025-11,month,period,engagement_rate,0.035,backfill_2026-06,high,
Idit Bar,X,2025-11,month,period,likes,10200,backfill_2026-06,medium,Hebrew OCR; label-value reconstructed
Idit Bar,X,2025-11,month,period,comments,5600,backfill_2026-06,high,
Idit Bar,X,2025-11,month,period,reposts,1500,backfill_2026-06,medium,Hebrew OCR; label-value reconstructed
Idit Bar,X,2025-11,month,period,profile_visits,8900,backfill_2026-06,high,
Idit Bar,X,2025-11,month,period,shares,156,backfill_2026-06,high,
Idit Bar,X,2025-11,month,period,bookmarks,772,backfill_2026-06,medium,Hebrew OCR; label-value reconstructed
Idit Bar,X,2025-11,month,period,gender_male,0.756,backfill_2026-06,high,
Idit Bar,X,2025-11,month,period,gender_female,0.218,backfill_2026-06,high,
Idit Bar,X,2025-11,month,period,gender_other,0.026,backfill_2026-06,high,
Idit Bar,X,2025-11,month,period,age_13_17,0.019,backfill_2026-06,high,
Idit Bar,X,2025-11,month,period,age_18_24,0.14,backfill_2026-06,high,
Idit Bar,X,2025-11,month,period,age_25_34,0.331,backfill_2026-06,high,
Idit Bar,X,2025-11,month,period,age_35_44,0.243,backfill_2026-06,high,
Idit Bar,X,2025-11,month,period,age_45_54,0.131,backfill_2026-06,high,
Idit Bar,X,2025-11,month,period,age_55_64,0.071,backfill_2026-06,high,
Idit Bar,X,2025-11,month,period,age_65plus,0.066,backfill_2026-06,high,
Idit Bar,X,2025-11,month,period,country_united_states,0.515,backfill_2026-06,high,
Idit Bar,X,2025-11,month,period,country_saudi_arabia,0.224,backfill_2026-06,high,
Idit Bar,X,2025-11,month,period,country_egypt,0.103,backfill_2026-06,high,
Idit Bar,X,2025-11,month,period,country_lebanon,0.053,backfill_2026-06,high,
Idit Bar,X,2025-11,month,period,country_iraq,0.051,backfill_2026-06,high,
Idit Bar,X,2026-02,month,period,followers_total,19200,backfill_2026-06,high,
Idit Bar,X,2026-02,month,period,impressions,449000,backfill_2026-06,high,
Idit Bar,X,2026-02,month,period,engagements,17800,backfill_2026-06,high,
Idit Bar,X,2026-02,month,period,engagement_rate,0.039,backfill_2026-06,high,
Idit Bar,X,2026-02,month,period,likes,7100,backfill_2026-06,medium,Hebrew OCR; label-value reconstructed
Idit Bar,X,2026-02,month,period,comments,1000,backfill_2026-06,medium,Hebrew OCR; replies/reposts may be swapped
Idit Bar,X,2026-02,month,period,reposts,5200,backfill_2026-06,medium,Hebrew OCR; replies/reposts may be swapped
Idit Bar,X,2026-02,month,period,profile_visits,3700,backfill_2026-06,medium,Hebrew OCR; label-value reconstructed
Idit Bar,X,2026-02,month,period,shares,136,backfill_2026-06,high,
Idit Bar,X,2026-02,month,period,bookmarks,466,backfill_2026-06,medium,Hebrew OCR; label-value reconstructed
Idit Bar,X,2026-02,month,period,gender_male,0.762,backfill_2026-06,high,
Idit Bar,X,2026-02,month,period,gender_female,0.206,backfill_2026-06,high,
Idit Bar,X,2026-02,month,period,gender_other,0.032,backfill_2026-06,high,
Idit Bar,X,2026-02,month,period,age_13_17,0.016,backfill_2026-06,high,
Idit Bar,X,2026-02,month,period,age_18_24,0.121,backfill_2026-06,high,
Idit Bar,X,2026-02,month,period,age_25_34,0.322,backfill_2026-06,high,
Idit Bar,X,2026-02,month,period,age_35_44,0.27,backfill_2026-06,high,
Idit Bar,X,2026-02,month,period,age_45_54,0.148,backfill_2026-06,high,
Idit Bar,X,2026-02,month,period,age_55_64,0.075,backfill_2026-06,high,
Idit Bar,X,2026-02,month,period,age_65plus,0.049,backfill_2026-06,high,
Idit Bar,X,2026-02,month,period,country_united_states,0.451,backfill_2026-06,high,
Idit Bar,X,2026-02,month,period,country_saudi_arabia,0.204,backfill_2026-06,high,
Idit Bar,X,2026-02,month,period,country_egypt,0.19,backfill_2026-06,high,
Idit Bar,X,2026-02,month,period,country_iraq,0.05,backfill_2026-06,high,
Idit Bar,X,2026-02,month,period,country_united_arab_emirates,0.047,backfill_2026-06,high,
Idit Bar,X,2026-04,month,period,followers_total,19200,backfill_2026-06,high,
Idit Bar,X,2026-04,month,period,impressions,524600,backfill_2026-06,high,
Idit Bar,X,2026-04,month,period,engagements,17300,backfill_2026-06,high,
Idit Bar,X,2026-04,month,period,engagement_rate,0.033,backfill_2026-06,high,
Idit Bar,X,2026-04,month,period,likes,9700,backfill_2026-06,high,
Idit Bar,X,2026-04,month,period,comments,1200,backfill_2026-06,high,
Idit Bar,X,2026-04,month,period,reposts,1600,backfill_2026-06,high,
Idit Bar,X,2026-04,month,period,profile_visits,3700,backfill_2026-06,high,
Idit Bar,X,2026-04,month,period,shares,239,backfill_2026-06,high,
Idit Bar,X,2026-04,month,period,bookmarks,671,backfill_2026-06,high,
Idit Bar,X,2026-04,month,period,gender_male,0.788,backfill_2026-06,high,
Idit Bar,X,2026-04,month,period,gender_female,0.195,backfill_2026-06,high,
Idit Bar,X,2026-04,month,period,gender_other,0.017,backfill_2026-06,high,
Idit Bar,X,2026-04,month,period,age_13_17,0.012,backfill_2026-06,high,
Idit Bar,X,2026-04,month,period,age_18_24,0.097,backfill_2026-06,high,
Idit Bar,X,2026-04,month,period,age_25_34,0.307,backfill_2026-06,high,
Idit Bar,X,2026-04,month,period,age_35_44,0.265,backfill_2026-06,high,
Idit Bar,X,2026-04,month,period,age_45_54,0.151,backfill_2026-06,high,
Idit Bar,X,2026-04,month,period,age_55_64,0.082,backfill_2026-06,high,
Idit Bar,X,2026-04,month,period,age_65plus,0.087,backfill_2026-06,high,
Idit Bar,X,2026-04,month,period,country_united_states,0.481,backfill_2026-06,high,
Idit Bar,X,2026-04,month,period,country_iraq,0.172,backfill_2026-06,high,
Idit Bar,X,2026-04,month,period,country_saudi_arabia,0.145,backfill_2026-06,high,
Idit Bar,X,2026-04,month,period,country_kuwait,0.07,backfill_2026-06,high,
Idit Bar,X,2026-04,month,period,country_israel,0.066,backfill_2026-06,high,
Idit Bar,X,2026-05,month,period,followers_total,19200,backfill_2026-06,high,
Idit Bar,X,2026-05,month,period,impressions,666700,backfill_2026-06,high,
Idit Bar,X,2026-05,month,period,engagements,25200,backfill_2026-06,high,
Idit Bar,X,2026-05,month,period,engagement_rate,0.037,backfill_2026-06,high,
Idit Bar,X,2026-05,month,period,likes,14700,backfill_2026-06,high,
Idit Bar,X,2026-05,month,period,comments,2600,backfill_2026-06,high,
Idit Bar,X,2026-05,month,period,reposts,2700,backfill_2026-06,high,
Idit Bar,X,2026-05,month,period,profile_visits,3600,backfill_2026-06,high,
Idit Bar,X,2026-05,month,period,shares,319,backfill_2026-06,high,
Idit Bar,X,2026-05,month,period,bookmarks,1100,backfill_2026-06,high,
Idit Bar,X,2026-05,month,period,gender_male,0.757,backfill_2026-06,high,
Idit Bar,X,2026-05,month,period,gender_female,0.212,backfill_2026-06,high,
Idit Bar,X,2026-05,month,period,gender_other,0.031,backfill_2026-06,high,
Idit Bar,X,2026-05,month,period,age_13_17,0.011,backfill_2026-06,high,
Idit Bar,X,2026-05,month,period,age_18_24,0.083,backfill_2026-06,high,
Idit Bar,X,2026-05,month,period,age_25_34,0.263,backfill_2026-06,high,
Idit Bar,X,2026-05,month,period,age_35_44,0.25,backfill_2026-06,high,
Idit Bar,X,2026-05,month,period,age_45_54,0.17,backfill_2026-06,high,
Idit Bar,X,2026-05,month,period,age_55_64,0.101,backfill_2026-06,high,
Idit Bar,X,2026-05,month,period,age_65plus,0.121,backfill_2026-06,high,
Idit Bar,X,2026-05,month,period,country_united_states,0.519,backfill_2026-06,medium,Hebrew OCR; country order approximate
Idit Bar,X,2026-05,month,period,country_saudi_arabia,0.176,backfill_2026-06,medium,Hebrew OCR; country order approximate
Idit Bar,X,2026-05,month,period,country_egypt,0.07,backfill_2026-06,medium,Hebrew OCR; country order approximate
Idit Bar,X,2026-05,month,period,country_israel,0.066,backfill_2026-06,medium,Hebrew OCR; country order approximate
Dhimmi Diaries,X,2026-03,month,period,followers_total,332,backfill_2026-06,high,
Dhimmi Diaries,X,2026-03,month,period,impressions,59900,backfill_2026-06,high,
Dhimmi Diaries,X,2026-03,month,period,engagements,2100,backfill_2026-06,high,
Dhimmi Diaries,X,2026-03,month,period,engagement_rate,0.035,backfill_2026-06,high,
Dhimmi Diaries,X,2026-03,month,period,likes,1200,backfill_2026-06,high,
Dhimmi Diaries,X,2026-03,month,period,comments,48,backfill_2026-06,high,
Dhimmi Diaries,X,2026-03,month,period,reposts,353,backfill_2026-06,high,
Dhimmi Diaries,X,2026-03,month,period,profile_visits,209,backfill_2026-06,high,
Dhimmi Diaries,X,2026-03,month,period,shares,88,backfill_2026-06,high,
Dhimmi Diaries,X,2026-03,month,period,bookmarks,160,backfill_2026-06,high,
Dhimmi Diaries,X,2026-04,month,period,followers_total,332,backfill_2026-06,high,
Dhimmi Diaries,X,2026-04,month,period,impressions,35900,backfill_2026-06,high,
Dhimmi Diaries,X,2026-04,month,period,engagements,403,backfill_2026-06,high,
Dhimmi Diaries,X,2026-04,month,period,engagement_rate,0.011,backfill_2026-06,high,
Dhimmi Diaries,X,2026-04,month,period,likes,186,backfill_2026-06,high,
Dhimmi Diaries,X,2026-04,month,period,comments,30,backfill_2026-06,high,
Dhimmi Diaries,X,2026-04,month,period,reposts,43,backfill_2026-06,high,
Dhimmi Diaries,X,2026-04,month,period,profile_visits,84,backfill_2026-06,high,
Dhimmi Diaries,X,2026-04,month,period,shares,27,backfill_2026-06,high,
Dhimmi Diaries,X,2026-04,month,period,bookmarks,33,backfill_2026-06,high,
Dhimmi Diaries,X,2026-05,month,period,followers_total,332,backfill_2026-06,high,
Dhimmi Diaries,X,2026-05,month,period,impressions,205900,backfill_2026-06,high,
Dhimmi Diaries,X,2026-05,month,period,engagements,4400,backfill_2026-06,high,
Dhimmi Diaries,X,2026-05,month,period,engagement_rate,0.021,backfill_2026-06,high,
Dhimmi Diaries,X,2026-05,month,period,likes,1700,backfill_2026-06,high,
Dhimmi Diaries,X,2026-05,month,period,comments,127,backfill_2026-06,high,
Dhimmi Diaries,X,2026-05,month,period,reposts,517,backfill_2026-06,high,
Dhimmi Diaries,X,2026-05,month,period,profile_visits,1100,backfill_2026-06,high,
Dhimmi Diaries,X,2026-05,month,period,shares,703,backfill_2026-06,medium,shares/bookmarks order uncertain in OCR
Dhimmi Diaries,X,2026-05,month,period,bookmarks,172,backfill_2026-06,medium,shares/bookmarks order uncertain in OCR
Dhimmi Diaries,X,2026-03,month,period,gender_male,0.756,backfill_2026-06,high,
Dhimmi Diaries,X,2026-03,month,period,gender_female,0.24,backfill_2026-06,high,
Dhimmi Diaries,X,2026-03,month,period,gender_other,0.004,backfill_2026-06,high,
Dhimmi Diaries,X,2026-03,month,period,country_israel,0.316,backfill_2026-06,high,
Dhimmi Diaries,X,2026-03,month,period,country_united_states,0.209,backfill_2026-06,high,
Dhimmi Diaries,X,2026-03,month,period,country_united_kingdom,0.076,backfill_2026-06,high,
Dhimmi Diaries,X,2026-03,month,period,country_germany,0.052,backfill_2026-06,high,
Dhimmi Diaries,X,2026-03,month,period,country_canada,0.043,backfill_2026-06,high,
Dhimmi Diaries,X,2026-04,month,period,gender_male,0.784,backfill_2026-06,high,
Dhimmi Diaries,X,2026-04,month,period,gender_female,0.188,backfill_2026-06,high,
Dhimmi Diaries,X,2026-04,month,period,gender_other,0.028,backfill_2026-06,high,
Dhimmi Diaries,X,2026-04,month,period,country_united_states,0.188,backfill_2026-06,high,
Dhimmi Diaries,X,2026-04,month,period,country_united_kingdom,0.12,backfill_2026-06,high,
Dhimmi Diaries,X,2026-04,month,period,country_israel,0.103,backfill_2026-06,high,
Dhimmi Diaries,X,2026-04,month,period,country_brazil,0.038,backfill_2026-06,high,
Dhimmi Diaries,X,2026-04,month,period,country_india,0.036,backfill_2026-06,high,
Dhimmi Diaries,X,2026-05,month,period,gender_male,0.695,backfill_2026-06,high,
Dhimmi Diaries,X,2026-05,month,period,gender_female,0.244,backfill_2026-06,high,
Dhimmi Diaries,X,2026-05,month,period,gender_other,0.061,backfill_2026-06,high,
Dhimmi Diaries,X,2026-05,month,period,country_united_states,0.145,backfill_2026-06,high,
Dhimmi Diaries,X,2026-05,month,period,country_saudi_arabia,0.088,backfill_2026-06,high,
Dhimmi Diaries,X,2026-05,month,period,country_thailand,0.079,backfill_2026-06,high,
Dhimmi Diaries,X,2026-05,month,period,country_india,0.072,backfill_2026-06,high,
Dhimmi Diaries,X,2026-05,month,period,country_united_kingdom,0.069,backfill_2026-06,high,
Dhimmi Diaries,X,2026-03,month,period,age_13_17,0.005,backfill_2026-06,high,
Dhimmi Diaries,X,2026-03,month,period,age_18_24,0.052,backfill_2026-06,high,
Dhimmi Diaries,X,2026-03,month,period,age_25_34,0.224,backfill_2026-06,high,
Dhimmi Diaries,X,2026-03,month,period,age_35_44,0.291,backfill_2026-06,high,
Dhimmi Diaries,X,2026-03,month,period,age_45_54,0.175,backfill_2026-06,high,
Dhimmi Diaries,X,2026-03,month,period,age_55_64,0.112,backfill_2026-06,high,
Dhimmi Diaries,X,2026-03,month,period,age_65plus,0.14,backfill_2026-06,high,
Dhimmi Diaries,X,2026-05,month,period,age_13_17,0.011,backfill_2026-06,high,
Dhimmi Diaries,X,2026-05,month,period,age_18_24,0.117,backfill_2026-06,high,
Dhimmi Diaries,X,2026-05,month,period,age_25_34,0.314,backfill_2026-06,high,
Dhimmi Diaries,X,2026-05,month,period,age_35_44,0.219,backfill_2026-06,high,
Dhimmi Diaries,X,2026-05,month,period,age_45_54,0.136,backfill_2026-06,high,
Dhimmi Diaries,X,2026-05,month,period,age_55_64,0.102,backfill_2026-06,high,
Dhimmi Diaries,X,2026-05,month,period,age_65plus,0.101,backfill_2026-06,high,
Dhimmi Diaries,X,2026-04,month,period,age_13_17,0.014,backfill_2026-06,high,
Dhimmi Diaries,X,2026-04,month,period,age_18_24,0.147,backfill_2026-06,high,
Dhimmi Diaries,X,2026-04,month,period,age_25_34,0.33,backfill_2026-06,high,
Dhimmi Diaries,X,2026-04,month,period,age_35_44,0.23,backfill_2026-06,high,
Dhimmi Diaries,X,2026-04,month,period,age_45_54,0.117,backfill_2026-06,high,
Dhimmi Diaries,X,2026-04,month,period,age_55_64,0.072,backfill_2026-06,high,
Dhimmi Diaries,X,2026-04,month,period,age_65plus,0.089,backfill_2026-06,high,
International Association of Accurate History,X,2026-02,month,period,followers_total,51,Feb26_run,high,
International Association of Accurate History,X,2026-02,month,period,impressions,2800,Feb26_run,high,
International Association of Accurate History,X,2026-02,month,period,engagement_rate,0.043,Feb26_run,high,
International Association of Accurate History,X,2026-02,month,period,engagements,123,Feb26_run,high,
International Association of Accurate History,X,2026-02,month,period,profile_visits,18,Feb26_run,high,
International Association of Accurate History,X,2026-02,month,period,comments,2,Feb26_run,high,
International Association of Accurate History,X,2026-02,month,period,likes,101,Feb26_run,high,
International Association of Accurate History,X,2026-02,month,period,reposts,0,Feb26_run,high,
International Association of Accurate History,X,2026-02,month,period,bookmarks,2,Feb26_run,high,
International Association of Accurate History,X,2026-02,month,period,shares,0,Feb26_run,high,
International Association of Accurate History,X,2026-03,month,period,followers_total,51,Mar26_run,high,follower snapshot; the engagement tiles on this screen were on cumulative range 06/09/2025-03/31/2026 (lifetime-to-date) and are recorded as March per user instruction
International Association of Accurate History,X,2026-04,month,period,followers_total,51,Apr26_run,high,
International Association of Accurate History,X,2026-04,month,period,impressions,9500,Apr26_run,high,
International Association of Accurate History,X,2026-04,month,period,engagement_rate,0.018,Apr26_run,high,
International Association of Accurate History,X,2026-04,month,period,engagements,181,Apr26_run,high,
International Association of Accurate History,X,2026-04,month,period,profile_visits,34,Apr26_run,high,
International Association of Accurate History,X,2026-04,month,period,comments,19,Apr26_run,high,
International Association of Accurate History,X,2026-04,month,period,likes,112,Apr26_run,high,
International Association of Accurate History,X,2026-04,month,period,reposts,10,Apr26_run,high,
International Association of Accurate History,X,2026-04,month,period,bookmarks,4,Apr26_run,high,
International Association of Accurate History,X,2026-04,month,period,shares,2,Apr26_run,high,
International Association of Accurate History,X,2026-7_6-13_6,week,period,followers_total,56,wk_7_6-13_6_run,high,
International Association of Accurate History,X,2026-7_6-13_6,week,period,impressions,3800,wk_7_6-13_6_run,high,
International Association of Accurate History,X,2026-7_6-13_6,week,period,engagement_rate,0.027,wk_7_6-13_6_run,high,
International Association of Accurate History,X,2026-7_6-13_6,week,period,engagements,105,wk_7_6-13_6_run,high,
International Association of Accurate History,X,2026-7_6-13_6,week,period,profile_visits,22,wk_7_6-13_6_run,high,
International Association of Accurate History,X,2026-7_6-13_6,week,period,comments,6,wk_7_6-13_6_run,high,
International Association of Accurate History,X,2026-7_6-13_6,week,period,likes,63,wk_7_6-13_6_run,high,
International Association of Accurate History,X,2026-7_6-13_6,week,period,reposts,8,wk_7_6-13_6_run,high,
International Association of Accurate History,X,2026-7_6-13_6,week,period,bookmarks,6,wk_7_6-13_6_run,high,
International Association of Accurate History,X,2026-7_6-13_6,week,period,shares,0,wk_7_6-13_6_run,high,
International Association of Accurate History,X,2026-7_6-13_6,week,period,age_13_17,0.013,wk_7_6-13_6_run,high,
International Association of Accurate History,X,2026-7_6-13_6,week,period,age_18_24,0.101,wk_7_6-13_6_run,high,
International Association of Accurate History,X,2026-7_6-13_6,week,period,age_25_34,0.255,wk_7_6-13_6_run,high,
International Association of Accurate History,X,2026-7_6-13_6,week,period,age_35_44,0.169,wk_7_6-13_6_run,high,
International Association of Accurate History,X,2026-7_6-13_6,week,period,age_45_54,0.114,wk_7_6-13_6_run,high,
International Association of Accurate History,X,2026-7_6-13_6,week,period,age_55_64,0.236,wk_7_6-13_6_run,high,
International Association of Accurate History,X,2026-7_6-13_6,week,period,age_65plus,0.112,wk_7_6-13_6_run,high,
International Association of Accurate History,X,2026-7_6-13_6,week,period,gender_male,0.857,wk_7_6-13_6_run,high,
International Association of Accurate History,X,2026-7_6-13_6,week,period,gender_female,0.109,wk_7_6-13_6_run,high,
International Association of Accurate History,X,2026-7_6-13_6,week,period,gender_other,0.034,wk_7_6-13_6_run,high,
International Association of Accurate History,X,2026-7_6-13_6,week,period,country_united_states,0.321,wk_7_6-13_6_run,high,
International Association of Accurate History,X,2026-7_6-13_6,week,period,country_israel,0.164,wk_7_6-13_6_run,high,
International Association of Accurate History,X,2026-7_6-13_6,week,period,country_united_kingdom,0.063,wk_7_6-13_6_run,high,
International Association of Accurate History,X,2026-7_6-13_6,week,period,country_france,0.035,wk_7_6-13_6_run,high,
International Association of Accurate History,X,2026-7_6-13_6,week,period,country_turkey,0.035,wk_7_6-13_6_run,high,
International Association of Accurate History,X,2026-03,month,period,impressions,17000,Mar26_run,high,"cumulative range 06/09/2025-03/31/2026, recorded as March per user; 17K as displayed (rounded)"
International Association of Accurate History,X,2026-03,month,period,engagement_rate,0.023,Mar26_run,high,"cumulative range 06/09/2025-03/31/2026, recorded as March per user"
International Association of Accurate History,X,2026-03,month,period,engagements,409,Mar26_run,high,"cumulative range 06/09/2025-03/31/2026, recorded as March per user"
Wiki a day,X,2026-01,month,period,followers_total,194,wikiaday_backfill_2026-06,high,
Wiki a day,X,2026-01,month,period,impressions,5600,wikiaday_backfill_2026-06,high,
Wiki a day,X,2026-01,month,period,engagement_rate,0.02,wikiaday_backfill_2026-06,high,
Wiki a day,X,2026-01,month,period,engagements,118,wikiaday_backfill_2026-06,high,
Wiki a day,X,2026-01,month,period,profile_visits,9,wikiaday_backfill_2026-06,high,
Wiki a day,X,2026-01,month,period,comments,18,wikiaday_backfill_2026-06,high,
Wiki a day,X,2026-01,month,period,likes,72,wikiaday_backfill_2026-06,high,
Wiki a day,X,2026-01,month,period,reposts,13,wikiaday_backfill_2026-06,high,
Wiki a day,X,2026-01,month,period,bookmarks,4,wikiaday_backfill_2026-06,high,
Wiki a day,X,2026-01,month,period,shares,2,wikiaday_backfill_2026-06,high,
Wiki a day,X,2026-01,month,period,gender_male,0.673,wikiaday_backfill_2026-06,high,
Wiki a day,X,2026-01,month,period,gender_female,0.291,wikiaday_backfill_2026-06,high,
Wiki a day,X,2026-01,month,period,gender_other,0.036,wikiaday_backfill_2026-06,high,
Wiki a day,X,2026-01,month,period,age_13_17,0.01,wikiaday_backfill_2026-06,high,
Wiki a day,X,2026-01,month,period,age_18_24,0.083,wikiaday_backfill_2026-06,high,
Wiki a day,X,2026-01,month,period,age_25_34,0.265,wikiaday_backfill_2026-06,high,
Wiki a day,X,2026-01,month,period,age_35_44,0.302,wikiaday_backfill_2026-06,high,
Wiki a day,X,2026-01,month,period,age_45_54,0.171,wikiaday_backfill_2026-06,high,
Wiki a day,X,2026-01,month,period,age_55_64,0.1,wikiaday_backfill_2026-06,high,
Wiki a day,X,2026-01,month,period,age_65plus,0.07,wikiaday_backfill_2026-06,high,
Wiki a day,X,2026-01,month,period,country_israel,0.803,wikiaday_backfill_2026-06,high,
Wiki a day,X,2026-01,month,period,country_united_states,0.079,wikiaday_backfill_2026-06,high,
Wiki a day,X,2026-01,month,period,country_united_kingdom,0.02,wikiaday_backfill_2026-06,high,
Wiki a day,X,2026-01,month,period,country_germany,0.016,wikiaday_backfill_2026-06,high,
Wiki a day,X,2026-01,month,period,country_canada,0.012,wikiaday_backfill_2026-06,high,
International Association of Accurate History,X,2026-03,month,period,profile_visits,55,Mar26_run,high,"cumulative range 06/09/2025-03/31/2026, recorded as March per user"
International Association of Accurate History,X,2026-03,month,period,comments,28,Mar26_run,high,"cumulative range 06/09/2025-03/31/2026, recorded as March per user"
Wiki a day,X,2026-02,month,period,followers_total,194,wikiaday_backfill_2026-06,high,
Wiki a day,X,2026-02,month,period,impressions,23900,wikiaday_backfill_2026-06,high,
Wiki a day,X,2026-02,month,period,engagement_rate,0.016,wikiaday_backfill_2026-06,high,
Wiki a day,X,2026-02,month,period,engagements,392,wikiaday_backfill_2026-06,high,
Wiki a day,X,2026-02,month,period,profile_visits,44,wikiaday_backfill_2026-06,high,
Wiki a day,X,2026-02,month,period,comments,66,wikiaday_backfill_2026-06,high,
Wiki a day,X,2026-02,month,period,likes,223,wikiaday_backfill_2026-06,high,
Wiki a day,X,2026-02,month,period,reposts,48,wikiaday_backfill_2026-06,high,
Wiki a day,X,2026-02,month,period,bookmarks,9,wikiaday_backfill_2026-06,high,
Wiki a day,X,2026-02,month,period,shares,2,wikiaday_backfill_2026-06,high,
Wiki a day,X,2026-02,month,period,gender_male,0.704,wikiaday_backfill_2026-06,high,
Wiki a day,X,2026-02,month,period,gender_female,0.266,wikiaday_backfill_2026-06,high,
Wiki a day,X,2026-02,month,period,gender_other,0.03,wikiaday_backfill_2026-06,high,
Wiki a day,X,2026-02,month,period,age_13_17,0.013,wikiaday_backfill_2026-06,high,
Wiki a day,X,2026-02,month,period,age_18_24,0.068,wikiaday_backfill_2026-06,high,
Wiki a day,X,2026-02,month,period,age_25_34,0.251,wikiaday_backfill_2026-06,high,
Wiki a day,X,2026-02,month,period,age_35_44,0.283,wikiaday_backfill_2026-06,high,
Wiki a day,X,2026-02,month,period,age_45_54,0.181,wikiaday_backfill_2026-06,high,
Wiki a day,X,2026-02,month,period,age_55_64,0.113,wikiaday_backfill_2026-06,high,
Wiki a day,X,2026-02,month,period,age_65plus,0.092,wikiaday_backfill_2026-06,high,
Wiki a day,X,2026-02,month,period,country_israel,0.706,wikiaday_backfill_2026-06,high,
Wiki a day,X,2026-02,month,period,country_united_states,0.119,wikiaday_backfill_2026-06,high,
Wiki a day,X,2026-02,month,period,country_united_kingdom,0.033,wikiaday_backfill_2026-06,high,
Wiki a day,X,2026-02,month,period,country_germany,0.017,wikiaday_backfill_2026-06,high,
Wiki a day,X,2026-02,month,period,country_canada,0.016,wikiaday_backfill_2026-06,high,
International Association of Accurate History,X,2026-03,month,period,likes,312,Mar26_run,high,"cumulative range 06/09/2025-03/31/2026, recorded as March per user"
Wiki a day,X,2026-03,month,period,followers_total,194,wikiaday_backfill_2026-06,high,
Wiki a day,X,2026-03,month,period,impressions,95300,wikiaday_backfill_2026-06,high,
Wiki a day,X,2026-03,month,period,engagement_rate,0.015,wikiaday_backfill_2026-06,high,
Wiki a day,X,2026-03,month,period,engagements,1400,wikiaday_backfill_2026-06,high,
Wiki a day,X,2026-03,month,period,profile_visits,95,wikiaday_backfill_2026-06,high,
Wiki a day,X,2026-03,month,period,comments,60,wikiaday_backfill_2026-06,high,
Wiki a day,X,2026-03,month,period,likes,1000,wikiaday_backfill_2026-06,high,
Wiki a day,X,2026-03,month,period,reposts,192,wikiaday_backfill_2026-06,high,
Wiki a day,X,2026-03,month,period,bookmarks,34,wikiaday_backfill_2026-06,high,
Wiki a day,X,2026-03,month,period,shares,15,wikiaday_backfill_2026-06,high,
Wiki a day,X,2026-03,month,period,gender_male,0.783,wikiaday_backfill_2026-06,high,
Wiki a day,X,2026-03,month,period,gender_female,0.21,wikiaday_backfill_2026-06,high,
Wiki a day,X,2026-03,month,period,gender_other,0.007,wikiaday_backfill_2026-06,high,
Wiki a day,X,2026-03,month,period,age_13_17,0.043,wikiaday_backfill_2026-06,high,
Wiki a day,X,2026-03,month,period,age_18_24,0.222,wikiaday_backfill_2026-06,high,
Wiki a day,X,2026-03,month,period,age_25_34,0.371,wikiaday_backfill_2026-06,high,
Wiki a day,X,2026-03,month,period,age_35_44,0.166,wikiaday_backfill_2026-06,high,
Wiki a day,X,2026-03,month,period,age_45_54,0.089,wikiaday_backfill_2026-06,high,
Wiki a day,X,2026-03,month,period,age_55_64,0.048,wikiaday_backfill_2026-06,high,
Wiki a day,X,2026-03,month,period,age_65plus,0.063,wikiaday_backfill_2026-06,high,
Wiki a day,X,2026-03,month,period,country_united_states,0.32,wikiaday_backfill_2026-06,high,
Wiki a day,X,2026-03,month,period,country_israel,0.25,wikiaday_backfill_2026-06,high,
Wiki a day,X,2026-03,month,period,country_united_kingdom,0.059,wikiaday_backfill_2026-06,high,
Wiki a day,X,2026-03,month,period,country_canada,0.036,wikiaday_backfill_2026-06,high,
Wiki a day,X,2026-03,month,period,country_brazil,0.034,wikiaday_backfill_2026-06,high,
International Association of Accurate History,X,2026-03,month,period,reposts,6,Mar26_run,high,"cumulative range 06/09/2025-03/31/2026, recorded as March per user"
Wiki a day,X,2026-04,month,period,followers_total,194,wikiaday_backfill_2026-06,high,
Wiki a day,X,2026-04,month,period,impressions,150400,wikiaday_backfill_2026-06,high,
Wiki a day,X,2026-04,month,period,engagement_rate,0.009,wikiaday_backfill_2026-06,high,
Wiki a day,X,2026-04,month,period,engagements,1300,wikiaday_backfill_2026-06,high,
Wiki a day,X,2026-04,month,period,profile_visits,181,wikiaday_backfill_2026-06,high,
Wiki a day,X,2026-04,month,period,comments,16,wikiaday_backfill_2026-06,high,
Wiki a day,X,2026-04,month,period,likes,970,wikiaday_backfill_2026-06,high,
Wiki a day,X,2026-04,month,period,reposts,49,wikiaday_backfill_2026-06,high,
Wiki a day,X,2026-04,month,period,bookmarks,129,wikiaday_backfill_2026-06,high,
Wiki a day,X,2026-04,month,period,shares,19,wikiaday_backfill_2026-06,high,
Wiki a day,X,2026-04,month,period,gender_male,0.744,wikiaday_backfill_2026-06,high,
Wiki a day,X,2026-04,month,period,gender_female,0.232,wikiaday_backfill_2026-06,high,
Wiki a day,X,2026-04,month,period,gender_other,0.024,wikiaday_backfill_2026-06,high,
Wiki a day,X,2026-04,month,period,age_13_17,0.058,wikiaday_backfill_2026-06,high,
Wiki a day,X,2026-04,month,period,age_18_24,0.274,wikiaday_backfill_2026-06,high,
Wiki a day,X,2026-04,month,period,age_25_34,0.419,wikiaday_backfill_2026-06,high,
Wiki a day,X,2026-04,month,period,age_35_44,0.135,wikiaday_backfill_2026-06,high,
Wiki a day,X,2026-04,month,period,age_45_54,0.051,wikiaday_backfill_2026-06,high,
Wiki a day,X,2026-04,month,period,age_55_64,0.025,wikiaday_backfill_2026-06,high,
Wiki a day,X,2026-04,month,period,age_65plus,0.039,wikiaday_backfill_2026-06,high,
Wiki a day,X,2026-04,month,period,country_united_states,0.377,wikiaday_backfill_2026-06,high,
Wiki a day,X,2026-04,month,period,country_united_kingdom,0.108,wikiaday_backfill_2026-06,high,
Wiki a day,X,2026-04,month,period,country_japan,0.042,wikiaday_backfill_2026-06,high,
Wiki a day,X,2026-04,month,period,country_canada,0.039,wikiaday_backfill_2026-06,high,
Wiki a day,X,2026-04,month,period,country_brazil,0.033,wikiaday_backfill_2026-06,high,
International Association of Accurate History,X,2026-03,month,period,bookmarks,7,Mar26_run,high,"cumulative range 06/09/2025-03/31/2026, recorded as March per user"
Wiki a day,X,2026-05,month,period,followers_total,194,wikiaday_backfill_2026-06,high,
Wiki a day,X,2026-05,month,period,impressions,147300,wikiaday_backfill_2026-06,high,
Wiki a day,X,2026-05,month,period,engagement_rate,0.009,wikiaday_backfill_2026-06,high,
Wiki a day,X,2026-05,month,period,engagements,1300,wikiaday_backfill_2026-06,high,
Wiki a day,X,2026-05,month,period,profile_visits,149,wikiaday_backfill_2026-06,high,
Wiki a day,X,2026-05,month,period,comments,13,wikiaday_backfill_2026-06,high,
Wiki a day,X,2026-05,month,period,likes,1000,wikiaday_backfill_2026-06,high,
Wiki a day,X,2026-05,month,period,reposts,26,wikiaday_backfill_2026-06,high,
Wiki a day,X,2026-05,month,period,bookmarks,112,wikiaday_backfill_2026-06,high,
Wiki a day,X,2026-05,month,period,shares,7,wikiaday_backfill_2026-06,high,
Wiki a day,X,2026-05,month,period,gender_male,0.774,wikiaday_backfill_2026-06,high,
Wiki a day,X,2026-05,month,period,gender_female,0.198,wikiaday_backfill_2026-06,high,
Wiki a day,X,2026-05,month,period,gender_other,0.028,wikiaday_backfill_2026-06,high,
Wiki a day,X,2026-05,month,period,age_13_17,0.04,wikiaday_backfill_2026-06,high,
Wiki a day,X,2026-05,month,period,age_18_24,0.249,wikiaday_backfill_2026-06,high,
Wiki a day,X,2026-05,month,period,age_25_34,0.432,wikiaday_backfill_2026-06,high,
Wiki a day,X,2026-05,month,period,age_35_44,0.124,wikiaday_backfill_2026-06,high,
Wiki a day,X,2026-05,month,period,age_45_54,0.058,wikiaday_backfill_2026-06,high,
Wiki a day,X,2026-05,month,period,age_55_64,0.028,wikiaday_backfill_2026-06,high,
Wiki a day,X,2026-05,month,period,age_65plus,0.069,wikiaday_backfill_2026-06,high,
Wiki a day,X,2026-05,month,period,country_united_states,0.396,wikiaday_backfill_2026-06,high,
Wiki a day,X,2026-05,month,period,country_united_kingdom,0.072,wikiaday_backfill_2026-06,high,
Wiki a day,X,2026-05,month,period,country_canada,0.04,wikiaday_backfill_2026-06,high,
Wiki a day,X,2026-05,month,period,country_india,0.032,wikiaday_backfill_2026-06,high,
Wiki a day,X,2026-05,month,period,country_spain,0.029,wikiaday_backfill_2026-06,high,
International Association of Accurate History,X,2026-03,month,period,shares,1,Mar26_run,high,"cumulative range 06/09/2025-03/31/2026, recorded as March per user"
Wiki a day,X,2026-31_5-6_6,week,period,followers_total,193,wikiaday_backfill_2026-06,high,
Wiki a day,X,2026-31_5-6_6,week,period,net_followers,6,wikiaday_backfill_2026-06,high,
Wiki a day,X,2026-31_5-6_6,week,period,impressions,28400,wikiaday_backfill_2026-06,high,
Wiki a day,X,2026-31_5-6_6,week,period,engagement_rate,0.006,wikiaday_backfill_2026-06,high,
Wiki a day,X,2026-31_5-6_6,week,period,engagements,186,wikiaday_backfill_2026-06,high,
Wiki a day,X,2026-31_5-6_6,week,period,profile_visits,14,wikiaday_backfill_2026-06,high,
Wiki a day,X,2026-31_5-6_6,week,period,comments,12,wikiaday_backfill_2026-06,high,
Wiki a day,X,2026-31_5-6_6,week,period,likes,146,wikiaday_backfill_2026-06,high,
Wiki a day,X,2026-31_5-6_6,week,period,reposts,3,wikiaday_backfill_2026-06,high,
Wiki a day,X,2026-31_5-6_6,week,period,bookmarks,10,wikiaday_backfill_2026-06,high,
Wiki a day,X,2026-31_5-6_6,week,period,shares,1,wikiaday_backfill_2026-06,high,
Wiki a day,X,2026-31_5-6_6,week,period,gender_male,0.724,wikiaday_backfill_2026-06,high,
Wiki a day,X,2026-31_5-6_6,week,period,gender_female,0.247,wikiaday_backfill_2026-06,high,
Wiki a day,X,2026-31_5-6_6,week,period,gender_other,0.029,wikiaday_backfill_2026-06,high,
Wiki a day,X,2026-31_5-6_6,week,period,age_13_17,0.083,wikiaday_backfill_2026-06,high,
Wiki a day,X,2026-31_5-6_6,week,period,age_18_24,0.378,wikiaday_backfill_2026-06,high,
Wiki a day,X,2026-31_5-6_6,week,period,age_25_34,0.408,wikiaday_backfill_2026-06,high,
Wiki a day,X,2026-31_5-6_6,week,period,age_35_44,0.074,wikiaday_backfill_2026-06,high,
Wiki a day,X,2026-31_5-6_6,week,period,age_45_54,0.021,wikiaday_backfill_2026-06,high,
Wiki a day,X,2026-31_5-6_6,week,period,age_55_64,0.01,wikiaday_backfill_2026-06,high,
Wiki a day,X,2026-31_5-6_6,week,period,age_65plus,0.025,wikiaday_backfill_2026-06,high,
Wiki a day,X,2026-31_5-6_6,week,period,country_united_states,0.519,wikiaday_backfill_2026-06,high,
Wiki a day,X,2026-31_5-6_6,week,period,country_united_kingdom,0.063,wikiaday_backfill_2026-06,high,
Wiki a day,X,2026-31_5-6_6,week,period,country_canada,0.044,wikiaday_backfill_2026-06,high,
Wiki a day,X,2026-31_5-6_6,week,period,country_brazil,0.042,wikiaday_backfill_2026-06,high,
Wiki a day,X,2026-31_5-6_6,week,period,country_mexico,0.031,wikiaday_backfill_2026-06,high,
Wiki a day,X,2026-7_6-13_6,week,period,followers_total,193,wikiaday_backfill_2026-06,high,
Wiki a day,X,2026-7_6-13_6,week,period,impressions,7000,wikiaday_backfill_2026-06,high,
Wiki a day,X,2026-7_6-13_6,week,period,engagement_rate,0.005,wikiaday_backfill_2026-06,high,
Wiki a day,X,2026-7_6-13_6,week,period,engagements,39,wikiaday_backfill_2026-06,high,
Wiki a day,X,2026-7_6-13_6,week,period,profile_visits,5,wikiaday_backfill_2026-06,high,
Wiki a day,X,2026-7_6-13_6,week,period,likes,32,wikiaday_backfill_2026-06,high,
Wiki a day,X,2026-7_6-13_6,week,period,bookmarks,2,wikiaday_backfill_2026-06,high,
Wiki a day,X,2026-7_6-13_6,week,period,gender_male,0.795,wikiaday_backfill_2026-06,high,
Wiki a day,X,2026-7_6-13_6,week,period,gender_female,0.18,wikiaday_backfill_2026-06,high,
Wiki a day,X,2026-7_6-13_6,week,period,gender_other,0.025,wikiaday_backfill_2026-06,high,
Wiki a day,X,2026-7_6-13_6,week,period,age_13_17,0.07,wikiaday_backfill_2026-06,high,
Wiki a day,X,2026-7_6-13_6,week,period,age_18_24,0.353,wikiaday_backfill_2026-06,high,
Wiki a day,X,2026-7_6-13_6,week,period,age_25_34,0.422,wikiaday_backfill_2026-06,high,
Wiki a day,X,2026-7_6-13_6,week,period,age_35_44,0.098,wikiaday_backfill_2026-06,high,
Wiki a day,X,2026-7_6-13_6,week,period,age_45_54,0.017,wikiaday_backfill_2026-06,high,
Wiki a day,X,2026-7_6-13_6,week,period,age_55_64,0.012,wikiaday_backfill_2026-06,high,
Wiki a day,X,2026-7_6-13_6,week,period,age_65plus,0.029,wikiaday_backfill_2026-06,high,
Wiki a day,X,2026-7_6-13_6,week,period,country_united_states,0.383,wikiaday_backfill_2026-06,high,
Wiki a day,X,2026-7_6-13_6,week,period,country_japan,0.068,wikiaday_backfill_2026-06,high,
Wiki a day,X,2026-7_6-13_6,week,period,country_united_kingdom,0.052,wikiaday_backfill_2026-06,high,
Wiki a day,X,2026-7_6-13_6,week,period,country_canada,0.034,wikiaday_backfill_2026-06,high,
Wiki a day,X,2026-7_6-13_6,week,period,country_brazil,0.027,wikiaday_backfill_2026-06,high,
Unpoisened,X,2026-03,month,period,followers_total,135,Mar26_run,high,
Unpoisened,X,2026-03,month,period,impressions,4200,Mar26_run,high,
Unpoisened,X,2026-03,month,period,engagement_rate,0.027,Mar26_run,high,
Unpoisened,X,2026-03,month,period,engagements,116,Mar26_run,high,
Unpoisened,X,2026-03,month,period,profile_visits,8,Mar26_run,high,
Unpoisened,X,2026-03,month,period,likes,66,Mar26_run,high,
Unpoisened,X,2026-03,month,period,reposts,12,Mar26_run,high,
Unpoisened,X,2026-03,month,period,shares,0,Mar26_run,high,
Unpoisened,X,2026-03,month,period,age_13_17,0.012,Mar26_run,high,
Unpoisened,X,2026-03,month,period,age_18_24,0.051,Mar26_run,high,
Unpoisened,X,2026-03,month,period,age_25_34,0.231,Mar26_run,high,
Unpoisened,X,2026-03,month,period,age_35_44,0.255,Mar26_run,high,
Unpoisened,X,2026-03,month,period,age_45_54,0.173,Mar26_run,high,
Unpoisened,X,2026-03,month,period,age_55_64,0.122,Mar26_run,high,
Unpoisened,X,2026-03,month,period,age_65plus,0.155,Mar26_run,high,
Unpoisened,X,2026-03,month,period,gender_male,0.727,Mar26_run,high,
Unpoisened,X,2026-03,month,period,gender_female,0.272,Mar26_run,high,
Idit Bar,X,2026-03,month,period,impressions,445400,Mar26_run,high,
Unpoisened,X,2026-03,month,period,gender_other,0.001,Mar26_run,high,
Idit Bar,X,2026-03,month,period,engagements,14800,Mar26_run,high,
Unpoisened,X,2026-03,month,period,country_israel,0.703,Mar26_run,high,
Idit Bar,X,2026-03,month,period,engagement_rate,0.033,Mar26_run,high,
Unpoisened,X,2026-03,month,period,country_united_states,0.094,Mar26_run,high,
Idit Bar,X,2026-03,month,period,profile_visits,4200,Mar26_run,high,
Unpoisened,X,2026-03,month,period,country_united_kingdom,0.035,Mar26_run,high,
Idit Bar,X,2026-03,month,period,followers_total,19200,Mar26_run,high,
Unpoisened,X,2026-03,month,period,country_canada,0.024,Mar26_run,high,
Idit Bar,X,2026-03,month,period,likes,7400,Mar26_run,medium,Hebrew OCR; label-value reconstructed
Unpoisened,X,2026-03,month,period,country_germany,0.02,Mar26_run,high,
Idit Bar,X,2026-03,month,period,comments,1000,Mar26_run,medium,Hebrew OCR; label-value reconstructed
Idit Bar,X,2026-03,month,period,reposts,1500,Mar26_run,medium,Hebrew OCR; reposts/bookmarks order uncertain
Idit Bar,X,2026-03,month,period,bookmarks,359,Mar26_run,medium,Hebrew OCR; reposts/bookmarks order uncertain
Idit Bar,X,2026-03,month,period,shares,164,Mar26_run,high,
Idit Bar,X,2026-03,month,period,gender_male,0.807,Mar26_run,high,
Unpoisened,X,2026-05,month,period,followers_total,132,May26_run,high,
Idit Bar,X,2026-03,month,period,gender_female,0.187,Mar26_run,high,
Unpoisened,X,2026-05,month,period,impressions,5000,May26_run,high,displayed as 5K
Idit Bar,X,2026-03,month,period,gender_other,0.006,Mar26_run,high,
Unpoisened,X,2026-05,month,period,engagement_rate,0.022,May26_run,high,
Idit Bar,X,2026-03,month,period,age_13_17,0.008,Mar26_run,high,
Unpoisened,X,2026-05,month,period,engagements,115,May26_run,high,
Unpoisened,X,2026-05,month,period,profile_visits,15,May26_run,high,
Idit Bar,X,2026-03,month,period,age_18_24,0.085,Mar26_run,high,
Unpoisened,X,2026-05,month,period,likes,66,May26_run,high,
Idit Bar,X,2026-03,month,period,age_25_34,0.296,Mar26_run,high,
Idit Bar,X,2026-03,month,period,age_35_44,0.272,Mar26_run,high,
Idit Bar,X,2026-03,month,period,age_45_54,0.164,Mar26_run,high,
Unpoisened,X,2026-05,month,period,reposts,24,May26_run,high,
Idit Bar,X,2026-03,month,period,age_55_64,0.09,Mar26_run,high,
Idit Bar,X,2026-03,month,period,age_65plus,0.085,Mar26_run,high,
Idit Bar,X,2026-03,month,period,country_united_states,0.473,Mar26_run,high,
Unpoisened,X,2026-05,month,period,shares,3,May26_run,high,
Idit Bar,X,2026-03,month,period,country_saudi_arabia,0.229,Mar26_run,high,
Unpoisened,X,2026-05,month,period,age_13_17,0.008,May26_run,high,
Idit Bar,X,2026-03,month,period,country_kuwait,0.079,Mar26_run,medium,Hebrew OCR; country order approximate
Unpoisened,X,2026-05,month,period,age_18_24,0.042,May26_run,high,
Idit Bar,X,2026-03,month,period,country_iraq,0.078,Mar26_run,medium,Hebrew OCR; country order approximate
Idit Bar,X,2026-03,month,period,country_egypt,0.075,Mar26_run,medium,Hebrew OCR; country order approximate
Idit Bar,X,2026-03,month,period,country_united_arab_emirates,0.066,Mar26_run,medium,Hebrew OCR; country order approximate
Unpoisened,X,2026-05,month,period,age_25_34,0.252,May26_run,high,
Unpoisened,X,2026-05,month,period,age_25_34,0.252,May26_run,high,
Unpoisened,X,2026-05,month,period,age_35_44,0.235,May26_run,high,
Unpoisened,X,2026-05,month,period,age_45_54,0.166,May26_run,high,
Unpoisened,X,2026-05,month,period,age_55_64,0.111,May26_run,high,
Unpoisened,X,2026-05,month,period,age_65plus,0.186,May26_run,high,
Unpoisened,X,2026-05,month,period,gender_male,0.717,May26_run,high,
Unpoisened,X,2026-05,month,period,gender_female,0.273,May26_run,high,
Unpoisened,X,2026-05,month,period,gender_other,0.01,May26_run,high,
Unpoisened,X,2026-05,month,period,country_israel,0.534,May26_run,high,
Unpoisened,X,2026-05,month,period,country_united_states,0.184,May26_run,high,
Unpoisened,X,2026-05,month,period,country_united_kingdom,0.06,May26_run,high,
Unpoisened,X,2026-05,month,period,country_canada,0.033,May26_run,high,
Unpoisened,X,2026-05,month,period,country_germany,0.021,May26_run,high,
Unpoisened,X,2026-7_6-13_6,week,period,followers_total,140,7_6-13_6_run,high,
Unpoisened,X,2026-7_6-13_6,week,period,impressions,378,7_6-13_6_run,high,
Unpoisened,X,2026-7_6-13_6,week,period,engagement_rate,0.031,7_6-13_6_run,high,
Unpoisened,X,2026-7_6-13_6,week,period,engagements,12,7_6-13_6_run,high,
Unpoisened,X,2026-7_6-13_6,week,period,profile_visits,1,7_6-13_6_run,high,
Unpoisened,X,2026-7_6-13_6,week,period,likes,9,7_6-13_6_run,high,
Unpoisened,X,2026-7_6-13_6,week,period,reposts,2,7_6-13_6_run,high,
Unpoisened,X,2026-7_6-13_6,week,period,shares,0,7_6-13_6_run,high,
Unpoisened,X,2026-7_6-13_6,week,period,age_13_17,0.003,7_6-13_6_run,high,
Unpoisened,X,2026-7_6-13_6,week,period,age_18_24,0.03,7_6-13_6_run,high,
Unpoisened,X,2026-7_6-13_6,week,period,age_25_34,0.349,7_6-13_6_run,high,
Unpoisened,X,2026-7_6-13_6,week,period,age_35_44,0.279,7_6-13_6_run,high,
Unpoisened,X,2026-7_6-13_6,week,period,age_45_54,0.097,7_6-13_6_run,high,
Unpoisened,X,2026-7_6-13_6,week,period,age_55_64,0.151,7_6-13_6_run,high,
Unpoisened,X,2026-7_6-13_6,week,period,age_65plus,0.091,7_6-13_6_run,high,
Unpoisened,X,2026-7_6-13_6,week,period,gender_male,0.568,7_6-13_6_run,high,
Unpoisened,X,2026-7_6-13_6,week,period,gender_female,0.426,7_6-13_6_run,high,
Unpoisened,X,2026-7_6-13_6,week,period,gender_other,0.006,7_6-13_6_run,high,
Unpoisened,X,2026-7_6-13_6,week,period,country_israel,0.43,7_6-13_6_run,high,
Unpoisened,X,2026-7_6-13_6,week,period,country_united_kingdom,0.193,7_6-13_6_run,high,
Unpoisened,X,2026-7_6-13_6,week,period,country_united_states,0.177,7_6-13_6_run,high,
Unpoisened,X,2026-7_6-13_6,week,period,country_philippines,0.027,7_6-13_6_run,high,
Unpoisened,X,2026-7_6-13_6,week,period,country_spain,0.023,7_6-13_6_run,high,
Unpoisened,X,2026-31_5-6_6,week,period,followers_total,140,31_5-6_6_run,high,folder A 7D; dup folder B discarded
Unpoisened,X,2026-31_5-6_6,week,period,impressions,90,31_5-6_6_run,high,folder A 7D; dup folder B discarded
Unpoisened,X,2026-31_5-6_6,week,period,engagement_rate,0.011,31_5-6_6_run,high,folder A 7D; dup folder B discarded
Unpoisened,X,2026-31_5-6_6,week,period,engagements,1,31_5-6_6_run,high,folder A 7D; dup folder B discarded
Unpoisened,X,2026-31_5-6_6,week,period,profile_visits,0,31_5-6_6_run,high,folder A 7D; dup folder B discarded
Unpoisened,X,2026-31_5-6_6,week,period,likes,0,31_5-6_6_run,high,folder A 7D; dup folder B discarded
Unpoisened,X,2026-31_5-6_6,week,period,reposts,0,31_5-6_6_run,high,folder A 7D; dup folder B discarded
Unpoisened,X,2026-31_5-6_6,week,period,shares,0,31_5-6_6_run,high,folder A 7D; dup folder B discarded
Unpoisened,X,2026-31_5-6_6,week,period,age_13_17,0.023,31_5-6_6_run,high,folder A 7D; dup folder B discarded
Unpoisened,X,2026-31_5-6_6,week,period,age_18_24,0.07,31_5-6_6_run,high,folder A 7D; dup folder B discarded
Unpoisened,X,2026-31_5-6_6,week,period,age_25_34,0.477,31_5-6_6_run,high,folder A 7D; dup folder B discarded
Unpoisened,X,2026-31_5-6_6,week,period,age_35_44,0.302,31_5-6_6_run,high,folder A 7D; dup folder B discarded
Unpoisened,X,2026-31_5-6_6,week,period,age_45_54,0,31_5-6_6_run,high,folder A 7D; observed 0.0%; dup folder B discarded
Unpoisened,X,2026-31_5-6_6,week,period,age_55_64,0.047,31_5-6_6_run,high,folder A 7D; dup folder B discarded
Unpoisened,X,2026-31_5-6_6,week,period,age_65plus,0.081,31_5-6_6_run,high,folder A 7D; dup folder B discarded
Unpoisened,X,2026-31_5-6_6,week,period,gender_male,0.791,31_5-6_6_run,high,folder A 7D; dup folder B discarded
Unpoisened,X,2026-31_5-6_6,week,period,gender_female,0.209,31_5-6_6_run,high,folder A 7D; dup folder B discarded
Unpoisened,X,2026-31_5-6_6,week,period,gender_other,0,31_5-6_6_run,high,folder A 7D; observed 0.0%; dup folder B discarded
Unpoisened,X,2026-31_5-6_6,week,period,country_israel,0.326,31_5-6_6_run,high,folder A 7D; dup folder B discarded
Unpoisened,X,2026-31_5-6_6,week,period,country_turkey,0.291,31_5-6_6_run,high,folder A 7D; dup folder B discarded
Unpoisened,X,2026-31_5-6_6,week,period,country_united_states,0.128,31_5-6_6_run,high,folder A 7D; dup folder B discarded
Unpoisened,X,2026-31_5-6_6,week,period,country_spain,0.058,31_5-6_6_run,high,folder A 7D; dup folder B discarded
Unpoisened,X,2026-31_5-6_6,week,period,country_finland,0.047,31_5-6_6_run,high,folder A 7D; dup folder B discarded
Goodness Daily,TikTok,2026-05,month,period,views,63300,Mai26_run,high,displayed as 63.3K
Goodness Daily,TikTok,2026-05,month,period,profile_visits,373,Mai26_run,high,
Goodness Daily,TikTok,2026-05,month,period,likes,2200,Mai26_run,high,displayed as 2.2K
Goodness Daily,TikTok,2026-05,month,period,shares,97,Mai26_run,high,
Goodness Daily,TikTok,2026-05,month,period,followers_total,158000,Mai26_run,high,displayed as 158K all time
Goodness Daily,TikTok,2026-05,month,period,net_followers,-149,Mai26_run,high,
Goodness Daily,TikTok,2025-09,month,period,views,5000,Sep25_run,high,displayed as 5K
Goodness Daily,TikTok,2025-09,month,period,profile_visits,165,Sep25_run,high,
Goodness Daily,TikTok,2025-09,month,period,likes,171,Sep25_run,high,
Goodness Daily,TikTok,2025-09,month,period,shares,16,Sep25_run,high,
Goodness Daily,TikTok,2025-09,month,period,followers_total,158000,Sep25_run,high,displayed as 158K all time
Goodness Daily,TikTok,2025-09,month,period,net_followers,-475,Sep25_run,high,
Goodness Daily,TikTok,2025-10,month,period,views,25100,Oct25_run,high,displayed as 25.1K
Goodness Daily,TikTok,2025-10,month,period,profile_visits,200,Oct25_run,high,
Goodness Daily,TikTok,2025-10,month,period,likes,783,Oct25_run,high,
Goodness Daily,TikTok,2025-10,month,period,shares,23,Oct25_run,high,
Goodness Daily,TikTok,2025-10,month,period,followers_total,158000,Oct25_run,high,displayed as 158K all time
Goodness Daily,TikTok,2025-10,month,period,net_followers,-405,Oct25_run,high,
Goodness Daily,TikTok,2025-11,month,period,views,11700,Nov25_run,high,displayed as 11.7K
Goodness Daily,TikTok,2025-11,month,period,profile_visits,183,Nov25_run,high,
Goodness Daily,TikTok,2025-11,month,period,likes,527,Nov25_run,high,
Goodness Daily,TikTok,2025-11,month,period,shares,37,Nov25_run,high,
Goodness Daily,TikTok,2025-11,month,period,followers_total,158000,Nov25_run,high,displayed as 158K all time
Goodness Daily,TikTok,2025-11,month,period,net_followers,-452,Nov25_run,high,
Goodness Daily,TikTok,2026-01,month,period,views,58100,Jan26_run,high,displayed as 58.1K
Goodness Daily,TikTok,2026-01,month,period,profile_visits,426,Jan26_run,high,
Goodness Daily,TikTok,2026-01,month,period,likes,2300,Jan26_run,high,displayed as 2.3K
Goodness Daily,TikTok,2026-01,month,period,shares,141,Jan26_run,high,
Goodness Daily,TikTok,2026-01,month,period,followers_total,158000,Jan26_run,high,displayed as 158K all time
Goodness Daily,TikTok,2026-01,month,period,net_followers,-242,Jan26_run,high,
Goodness Daily,TikTok,2026-02,month,period,views,43100,Feb26_run,high,displayed as 43.1K
Goodness Daily,TikTok,2026-02,month,period,profile_visits,450,Feb26_run,high,
Goodness Daily,TikTok,2026-02,month,period,likes,2400,Feb26_run,high,displayed as 2.4K
Goodness Daily,TikTok,2026-02,month,period,shares,134,Feb26_run,high,
Goodness Daily,TikTok,2026-02,month,period,followers_total,158000,Feb26_run,high,displayed as 158K all time
Goodness Daily,TikTok,2026-02,month,period,net_followers,-125,Feb26_run,high,
Goodness Daily,TikTok,2026-03,month,period,views,36500,Mar26_run,high,displayed as 36.5K
Goodness Daily,TikTok,2026-03,month,period,profile_visits,544,Mar26_run,high,
Goodness Daily,TikTok,2026-03,month,period,likes,1900,Mar26_run,high,displayed as 1.9K
Goodness Daily,TikTok,2026-03,month,period,shares,81,Mar26_run,high,
Goodness Daily,TikTok,2026-03,month,period,followers_total,158000,Mar26_run,high,displayed as 158K all time
Goodness Daily,TikTok,2026-03,month,period,net_followers,-34,Mar26_run,high,
Goodness Daily,TikTok,2026-03,month,period,shares,81,Mar26_run,high,
Goodness Daily,TikTok,2026-04,month,period,views,11100,April26_run,high,displayed as 11.1K
Goodness Daily,TikTok,2026-04,month,period,profile_visits,231,April26_run,high,
Goodness Daily,TikTok,2026-04,month,period,likes,472,April26_run,high,
Goodness Daily,TikTok,2026-04,month,period,shares,15,April26_run,high,
Goodness Daily,TikTok,2026-04,month,period,followers_total,158000,April26_run,high,displayed as 158K all time
Goodness Daily,TikTok,2026-04,month,period,net_followers,-443,April26_run,high,
Goodness Daily,TikTok,2026-31_5-6_6,week,period,views,4100,31_5-6_6_run,high,"displayed as 4.1K; key-metrics screen only, no followers screen"
Goodness Daily,TikTok,2026-31_5-6_6,week,period,profile_visits,61,31_5-6_6_run,high,
Goodness Daily,TikTok,2026-31_5-6_6,week,period,likes,152,31_5-6_6_run,high,
Goodness Daily,TikTok,2026-31_5-6_6,week,period,shares,3,31_5-6_6_run,high,
International Association of Accurate History,X,2026-03,month,period,age_13_17,0.006,Mar26_run,high,Impr filter; 03/01-03/31 (overview was cumulative)
International Association of Accurate History,X,2026-03,month,period,age_18_24,0.125,Mar26_run,high,Impr filter; 03/01-03/31 (overview was cumulative)
International Association of Accurate History,X,2026-03,month,period,age_25_34,0.194,Mar26_run,high,Impr filter; 03/01-03/31 (overview was cumulative)
International Association of Accurate History,X,2026-03,month,period,age_35_44,0.217,Mar26_run,high,Impr filter; 03/01-03/31 (overview was cumulative)
International Association of Accurate History,X,2026-03,month,period,age_45_54,0.132,Mar26_run,high,Impr filter; 03/01-03/31 (overview was cumulative)
International Association of Accurate History,X,2026-03,month,period,age_55_64,0.174,Mar26_run,high,Impr filter; 03/01-03/31 (overview was cumulative)
International Association of Accurate History,X,2026-03,month,period,age_65plus,0.153,Mar26_run,high,Impr filter; 03/01-03/31 (overview was cumulative)
International Association of Accurate History,X,2026-03,month,period,gender_male,0.774,Mar26_run,high,Impr filter; 03/01-03/31 (overview was cumulative)
International Association of Accurate History,X,2026-03,month,period,gender_female,0.214,Mar26_run,high,Impr filter; 03/01-03/31 (overview was cumulative)
International Association of Accurate History,X,2026-03,month,period,gender_other,0.012,Mar26_run,high,Impr filter; 03/01-03/31 (overview was cumulative)
International Association of Accurate History,X,2026-03,month,period,country_united_states,0.292,Mar26_run,high,Impr filter; 03/01-03/31 (overview was cumulative)
International Association of Accurate History,X,2026-03,month,period,country_israel,0.145,Mar26_run,high,Impr filter; 03/01-03/31 (overview was cumulative)
International Association of Accurate History,X,2026-03,month,period,country_india,0.078,Mar26_run,high,Impr filter; 03/01-03/31 (overview was cumulative)
International Association of Accurate History,X,2026-03,month,period,country_united_kingdom,0.044,Mar26_run,high,Impr filter; 03/01-03/31 (overview was cumulative)
International Association of Accurate History,X,2026-03,month,period,country_turkey,0.039,Mar26_run,high,Impr filter; 03/01-03/31 (overview was cumulative)
International Association of Accurate History,X,2026-04,month,period,age_13_17,0.008,Apr26_run,high,Impr filter; 04/01-04/30
International Association of Accurate History,X,2026-04,month,period,age_18_24,0.111,Apr26_run,high,Impr filter; 04/01-04/30
International Association of Accurate History,X,2026-04,month,period,age_25_34,0.234,Apr26_run,high,Impr filter; 04/01-04/30
International Association of Accurate History,X,2026-04,month,period,age_35_44,0.206,Apr26_run,high,Impr filter; 04/01-04/30
International Association of Accurate History,X,2026-04,month,period,age_45_54,0.179,Apr26_run,high,Impr filter; 04/01-04/30
International Association of Accurate History,X,2026-04,month,period,age_55_64,0.131,Apr26_run,high,Impr filter; 04/01-04/30
International Association of Accurate History,X,2026-04,month,period,age_65plus,0.131,Apr26_run,high,Impr filter; 04/01-04/30
International Association of Accurate History,X,2026-04,month,period,gender_male,0.789,Apr26_run,high,Impr filter; 04/01-04/30
International Association of Accurate History,X,2026-04,month,period,gender_female,0.195,Apr26_run,high,Impr filter; 04/01-04/30
International Association of Accurate History,X,2026-04,month,period,gender_other,0.016,Apr26_run,high,Impr filter; 04/01-04/30
International Association of Accurate History,X,2026-04,month,period,country_israel,0.244,Apr26_run,high,Impr filter; 04/01-04/30
International Association of Accurate History,X,2026-04,month,period,country_united_states,0.213,Apr26_run,high,Impr filter; 04/01-04/30
International Association of Accurate History,X,2026-04,month,period,country_united_kingdom,0.07,Apr26_run,high,Impr filter; 04/01-04/30
International Association of Accurate History,X,2026-04,month,period,country_indonesia,0.038,Apr26_run,high,Impr filter; 04/01-04/30
International Association of Accurate History,X,2026-04,month,period,country_nigeria,0.037,Apr26_run,high,Impr filter; 04/01-04/30
International Association of Accurate History,X,2026-05,month,period,followers_total,51,Mai26_run,high,12/51
International Association of Accurate History,X,2026-05,month,period,impressions,9700,Mai26_run,high,9.7K
International Association of Accurate History,X,2026-05,month,period,engagement_rate,0.023,Mai26_run,high,
International Association of Accurate History,X,2026-05,month,period,engagements,227,Mai26_run,high,
International Association of Accurate History,X,2026-05,month,period,profile_visits,35,Mai26_run,high,
International Association of Accurate History,X,2026-05,month,period,comments,14,Mai26_run,high,Replies tile
International Association of Accurate History,X,2026-05,month,period,likes,161,Mai26_run,high,
International Association of Accurate History,X,2026-05,month,period,reposts,11,Mai26_run,high,
International Association of Accurate History,X,2026-05,month,period,bookmarks,5,Mai26_run,high,
International Association of Accurate History,X,2026-05,month,period,shares,1,Mai26_run,high,
International Association of Accurate History,X,2026-05,month,period,age_13_17,0.015,Mai26_run,high,Impr filter; 05/01-05/31
International Association of Accurate History,X,2026-05,month,period,age_18_24,0.131,Mai26_run,high,Impr filter; 05/01-05/31
International Association of Accurate History,X,2026-05,month,period,age_25_34,0.269,Mai26_run,high,Impr filter; 05/01-05/31
International Association of Accurate History,X,2026-05,month,period,age_35_44,0.226,Mai26_run,high,Impr filter; 05/01-05/31
International Association of Accurate History,X,2026-05,month,period,age_45_54,0.151,Mai26_run,high,Impr filter; 05/01-05/31
International Association of Accurate History,X,2026-05,month,period,age_55_64,0.101,Mai26_run,high,Impr filter; 05/01-05/31
International Association of Accurate History,X,2026-05,month,period,age_65plus,0.107,Mai26_run,high,Impr filter; 05/01-05/31
International Association of Accurate History,X,2026-05,month,period,gender_male,0.774,Mai26_run,high,Impr filter; 05/01-05/31
International Association of Accurate History,X,2026-05,month,period,gender_female,0.185,Mai26_run,high,Impr filter; 05/01-05/31
International Association of Accurate History,X,2026-05,month,period,gender_other,0.041,Mai26_run,high,Impr filter; 05/01-05/31
International Association of Accurate History,X,2026-05,month,period,country_united_states,0.376,Mai26_run,high,Impr filter; 05/01-05/31
International Association of Accurate History,X,2026-05,month,period,country_israel,0.059,Mai26_run,high,Impr filter; 05/01-05/31
International Association of Accurate History,X,2026-05,month,period,country_united_kingdom,0.058,Mai26_run,high,Impr filter; 05/01-05/31
International Association of Accurate History,X,2026-05,month,period,country_finland,0.036,Mai26_run,high,Impr filter; 05/01-05/31
International Association of Accurate History,X,2026-05,month,period,country_germany,0.035,Mai26_run,high,Impr filter; 05/01-05/31